merchant_id,merchant_name,category
1,Elite Cafe,Healthcare
2,Urban Hub,Travel
3,Prime Hub,Dining
4,Metro Store,Grocery
5,Elite Fuel,Fashion
6,Metro Store,Travel
7,Metro Hub,Dining
8,Urban Hub,Entertainment
9,Urban Hub,Utilities
10,Quick Hub,Entertainment
11,Prime Store,Entertainment
12,Metro Hub,Grocery
13,Urban Store,Travel
14,Prime Hub,Travel
15,Urban Fuel,Healthcare
16,Urban Cafe,Travel
17,Prime Fuel,Fashion
18,Prime Store,Fuel
19,Prime Cafe,Grocery
20,Quick Cafe,Grocery
21,Elite Hub,Travel
22,Metro Mart,Electronics
23,Prime Fuel,Fashion
24,Elite Fuel,Entertainment
25,Metro Cafe,Dining
26,Urban Cafe,Utilities
27,Quick Mart,Fashion
28,Metro Hub,Travel
29,Prime Store,Utilities
30,Prime Hub,E-commerce
31,Quick Mart,E-commerce
32,Quick Store,E-commerce
33,Prime Fuel,Fuel
34,Prime Fuel,Dining
35,Quick Fuel,Grocery
36,Metro Store,Entertainment
37,Quick Fuel,Fashion
38,Elite Fuel,Dining
39,Elite Hub,E-commerce
40,Urban Mart,Entertainment
41,Prime Fuel,E-commerce
42,Elite Hub,Dining
43,Quick Mart,Fuel
44,Quick Fuel,Dining
45,Urban Fuel,Grocery
46,Quick Hub,Utilities
47,Elite Fuel,Fuel
48,Urban Mart,Grocery
49,Elite Mart,Travel
50,Metro Mart,Electronics
51,Elite Mart,Fashion
52,Elite Cafe,Entertainment
53,Prime Store,Grocery
54,Elite Cafe,Grocery
55,Elite Mart,Fuel
56,Metro Mart,Fuel
57,Urban Mart,Grocery
58,Urban Fuel,E-commerce
59,Metro Hub,Travel
60,Prime Cafe,Dining
61,Prime Mart,E-commerce
62,Metro Hub,Entertainment
63,Prime Hub,Travel
64,Elite Mart,Fuel
65,Quick Mart,Dining
66,Quick Mart,Healthcare
67,Prime Mart,Electronics
68,Urban Mart,E-commerce
69,Prime Mart,Fuel
70,Elite Hub,E-commerce
71,Prime Mart,Fuel
72,Quick Fuel,Electronics
73,Urban Mart,Utilities
74,Urban Cafe,Grocery
75,Prime Store,Fashion
76,Elite Cafe,Entertainment
77,Quick Store,Healthcare
78,Metro Store,Electronics
79,Quick Mart,Fashion
80,Elite Store,Healthcare
81,Urban Hub,Dining
82,Quick Store,Utilities
83,Quick Store,Fashion
84,Prime Mart,Entertainment
85,Elite Store,Dining
86,Quick Store,Entertainment
87,Metro Fuel,Fuel
88,Urban Mart,Healthcare
89,Urban Store,Dining
90,Elite Fuel,Travel
91,Metro Cafe,Electronics
92,Prime Mart,Travel
93,Urban Mart,E-commerce
94,Urban Fuel,Grocery
95,Metro Fuel,Electronics
96,Metro Mart,Electronics
97,Elite Store,Dining
98,Quick Hub,Electronics
99,Elite Fuel,Grocery
100,Quick Cafe,Travel
101,Metro Mart,Fashion
102,Quick Fuel,E-commerce
103,Metro Store,Utilities
104,Elite Cafe,Fuel
105,Quick Hub,Healthcare
106,Elite Store,E-commerce
107,Prime Fuel,Fuel
108,Prime Cafe,Fuel
109,Elite Store,Utilities
110,Metro Cafe,Fuel
111,Urban Fuel,Fashion
112,Quick Hub,Dining
113,Metro Cafe,Fuel
114,Urban Hub,Travel
115,Urban Store,Travel
116,Elite Fuel,Healthcare
117,Quick Mart,E-commerce
118,Urban Fuel,Fashion
119,Metro Mart,E-commerce
120,Quick Fuel,Electronics
121,Metro Cafe,E-commerce
122,Urban Fuel,Dining
123,Quick Mart,Entertainment
124,Metro Store,Utilities
125,Elite Hub,Entertainment
126,Prime Cafe,Healthcare
127,Quick Store,Fashion
128,Quick Cafe,Entertainment
129,Metro Cafe,Grocery
130,Quick Hub,Dining
131,Urban Hub,Utilities
132,Urban Fuel,Fashion
133,Quick Mart,Grocery
134,Metro Hub,Travel
135,Metro Cafe,Utilities
136,Quick Fuel,Grocery
137,Urban Mart,Dining
138,Urban Fuel,Entertainment
139,Elite Cafe,Utilities
140,Metro Fuel,Grocery
141,Prime Fuel,Entertainment
142,Urban Mart,Utilities
143,Elite Store,Healthcare
144,Quick Cafe,Fashion
145,Urban Fuel,Dining
146,Metro Store,Electronics
147,Quick Fuel,E-commerce
148,Metro Store,Grocery
149,Prime Hub,Fuel
150,Metro Store,Utilities
151,Metro Store,Electronics
152,Elite Mart,Electronics
153,Prime Store,E-commerce
154,Quick Fuel,E-commerce
155,Prime Hub,Travel
156,Metro Hub,E-commerce
157,Metro Hub,Grocery
158,Urban Cafe,Dining
159,Urban Mart,Grocery
160,Quick Cafe,Dining
161,Quick Fuel,E-commerce
162,Prime Cafe,Electronics
163,Prime Fuel,Healthcare
164,Elite Fuel,Utilities
165,Prime Store,Grocery
166,Elite Store,Fashion
167,Prime Store,Fashion
168,Prime Fuel,Entertainment
169,Metro Cafe,Dining
170,Urban Cafe,Fashion
171,Prime Fuel,Healthcare
172,Elite Hub,Utilities
173,Elite Hub,Utilities
174,Urban Cafe,Dining
175,Urban Mart,Grocery
176,Elite Mart,Entertainment
177,Metro Mart,Healthcare
178,Elite Store,Electronics
179,Quick Cafe,Fuel
180,Metro Store,E-commerce
181,Urban Hub,Electronics
182,Prime Cafe,Dining
183,Metro Mart,Utilities
184,Quick Hub,Travel
185,Elite Store,Utilities
186,Quick Cafe,Fuel
187,Prime Fuel,Fashion
188,Urban Store,Grocery
189,Quick Cafe,Utilities
190,Elite Cafe,Dining
191,Urban Hub,Utilities
192,Urban Hub,Electronics
193,Quick Mart,Travel
194,Urban Cafe,Grocery
195,Elite Store,Travel
196,Quick Hub,Fuel
197,Metro Fuel,E-commerce
198,Prime Cafe,E-commerce
199,Metro Store,Utilities
200,Urban Store,Electronics
201,Urban Store,Fashion
202,Prime Hub,Entertainment
203,Urban Hub,E-commerce
204,Quick Store,E-commerce
205,Prime Store,Grocery
206,Prime Store,Fuel
207,Urban Fuel,Dining
208,Urban Cafe,Utilities
209,Prime Mart,Healthcare
210,Metro Mart,Travel
211,Metro Store,Electronics
212,Urban Store,Healthcare
213,Quick Mart,Fuel
214,Metro Hub,E-commerce
215,Metro Store,Fashion
216,Urban Fuel,Dining
217,Quick Store,Utilities
218,Urban Mart,Dining
219,Prime Hub,Fuel
220,Prime Mart,Dining
221,Elite Store,Fashion
222,Urban Store,Fuel
223,Metro Hub,Grocery
224,Prime Cafe,Dining
225,Urban Hub,Travel
226,Elite Fuel,Healthcare
227,Elite Fuel,Grocery
228,Urban Fuel,Fuel
229,Urban Store,E-commerce
230,Quick Hub,Fashion
231,Prime Fuel,Fashion
232,Elite Mart,Travel
233,Urban Fuel,Fuel
234,Metro Mart,Fashion
235,Metro Hub,Healthcare
236,Elite Store,Fuel
237,Prime Store,Electronics
238,Prime Hub,Electronics
239,Elite Hub,Entertainment
240,Elite Mart,Grocery
241,Urban Mart,Healthcare
242,Prime Fuel,Dining
243,Metro Fuel,Dining
244,Quick Hub,Fashion
245,Urban Mart,Healthcare
246,Quick Store,Fuel
247,Metro Store,Utilities
248,Prime Hub,Electronics
249,Urban Fuel,Entertainment
250,Quick Hub,Fashion
251,Elite Hub,Entertainment
252,Prime Cafe,Electronics
253,Metro Store,Travel
254,Quick Store,Entertainment
255,Elite Store,Dining
256,Quick Mart,E-commerce
257,Urban Fuel,Fashion
258,Prime Hub,Healthcare
259,Prime Store,Grocery
260,Metro Store,Entertainment
261,Elite Mart,Fashion
262,Metro Mart,Entertainment
263,Prime Hub,Fashion
264,Prime Store,Entertainment
265,Urban Store,Dining
266,Metro Cafe,Electronics
267,Urban Hub,Fuel
268,Quick Cafe,Utilities
269,Metro Mart,Fuel
270,Elite Store,Grocery
271,Metro Store,Electronics
272,Prime Hub,Fuel
273,Metro Cafe,Entertainment
274,Elite Store,Fashion
275,Metro Fuel,Entertainment
276,Elite Cafe,Fuel
277,Urban Cafe,Dining
278,Urban Store,Healthcare
279,Quick Store,Dining
280,Elite Cafe,Travel
281,Metro Fuel,Electronics
282,Quick Mart,Electronics
283,Prime Hub,Electronics
284,Quick Hub,Dining
285,Quick Mart,Fashion
286,Prime Store,Electronics
287,Metro Hub,Electronics
288,Prime Mart,Travel
289,Metro Mart,Healthcare
290,Metro Cafe,Grocery
291,Prime Store,Fashion
292,Quick Fuel,Fashion
293,Quick Store,Travel
294,Elite Store,Fuel
295,Elite Mart,Healthcare
296,Prime Cafe,Travel
297,Quick Store,Travel
298,Metro Cafe,Healthcare
299,Metro Fuel,Grocery
300,Elite Mart,Healthcare
301,Metro Cafe,E-commerce
302,Elite Mart,Grocery
303,Urban Fuel,Grocery
304,Quick Store,E-commerce
305,Elite Store,Healthcare
306,Metro Hub,Utilities
307,Prime Hub,Electronics
308,Quick Hub,Fuel
309,Elite Fuel,Entertainment
310,Elite Hub,Utilities
311,Quick Hub,Grocery
312,Urban Cafe,Travel
313,Quick Fuel,E-commerce
314,Quick Hub,Utilities
315,Urban Store,Fuel
316,Quick Store,Utilities
317,Quick Hub,Travel
318,Urban Mart,Fuel
319,Urban Cafe,Fashion
320,Prime Fuel,Fashion
321,Metro Mart,Fashion
322,Urban Hub,Electronics
323,Metro Store,Dining
324,Quick Hub,Fuel
325,Elite Store,Fashion
326,Elite Mart,Fashion
327,Urban Store,Fashion
328,Prime Fuel,Dining
329,Prime Fuel,Healthcare
330,Urban Hub,Utilities
331,Prime Hub,Utilities
332,Metro Mart,Fashion
333,Elite Mart,Fuel
334,Quick Cafe,Travel
335,Prime Mart,Travel
336,Elite Store,Fashion
337,Prime Hub,Utilities
338,Elite Fuel,Utilities
339,Urban Hub,Electronics
340,Elite Store,Entertainment
341,Quick Hub,Healthcare
342,Prime Cafe,Dining
343,Elite Fuel,Travel
344,Prime Store,Entertainment
345,Prime Store,E-commerce
346,Metro Fuel,E-commerce
347,Prime Hub,E-commerce
348,Elite Cafe,Entertainment
349,Metro Mart,Fuel
350,Metro Store,Fuel
351,Metro Hub,E-commerce
352,Prime Cafe,Dining
353,Metro Cafe,Grocery
354,Prime Mart,Travel
355,Prime Cafe,Electronics
356,Elite Hub,E-commerce
357,Urban Store,Travel
358,Metro Fuel,Utilities
359,Prime Cafe,Healthcare
360,Quick Cafe,Healthcare
361,Quick Mart,E-commerce
362,Prime Hub,Travel
363,Urban Store,Fashion
364,Metro Mart,Utilities
365,Metro Store,Dining
366,Metro Mart,Entertainment
367,Quick Fuel,Grocery
368,Metro Fuel,Travel
369,Metro Store,Healthcare
370,Urban Store,Grocery
371,Quick Cafe,Electronics
372,Quick Hub,Fashion
373,Prime Mart,Travel
374,Urban Hub,Entertainment
375,Urban Mart,Grocery
376,Quick Mart,Grocery
377,Metro Store,Dining
378,Metro Cafe,Travel
379,Elite Store,Fuel
380,Prime Hub,Electronics
381,Elite Store,Fashion
382,Elite Store,Healthcare
383,Quick Store,Grocery
384,Quick Hub,Travel
385,Prime Store,Utilities
386,Prime Store,Travel
387,Elite Store,E-commerce
388,Urban Fuel,Dining
389,Elite Fuel,Fuel
390,Quick Mart,Grocery
391,Prime Store,E-commerce
392,Elite Mart,Fashion
393,Elite Fuel,Healthcare
394,Elite Store,Grocery
395,Quick Hub,Electronics
396,Prime Cafe,Electronics
397,Prime Hub,Fashion
398,Urban Fuel,Grocery
399,Prime Store,Entertainment
400,Urban Store,Fashion
401,Metro Cafe,Electronics
402,Urban Fuel,Travel
403,Metro Mart,Entertainment
404,Urban Hub,E-commerce
405,Prime Fuel,Fuel
406,Urban Mart,E-commerce
407,Quick Store,Fashion
408,Quick Hub,Dining
409,Urban Cafe,Fashion
410,Urban Cafe,Fuel
411,Elite Fuel,Healthcare
412,Prime Hub,Dining
413,Elite Mart,Fashion
414,Elite Mart,Dining
415,Prime Cafe,Fuel
416,Quick Fuel,Grocery
417,Prime Mart,Dining
418,Elite Cafe,Grocery
419,Quick Store,Grocery
420,Elite Store,Electronics
421,Quick Hub,Travel
422,Prime Cafe,Healthcare
423,Quick Store,Fuel
424,Metro Mart,Utilities
425,Prime Mart,Fashion
426,Metro Cafe,Fashion
427,Elite Mart,Entertainment
428,Elite Mart,Dining
429,Prime Hub,E-commerce
430,Elite Cafe,Healthcare
431,Urban Store,E-commerce
432,Metro Fuel,Entertainment
433,Elite Fuel,Dining
434,Elite Store,Utilities
435,Metro Hub,Entertainment
436,Metro Hub,E-commerce
437,Metro Fuel,Fuel
438,Metro Hub,E-commerce
439,Urban Mart,Utilities
440,Urban Cafe,Utilities
441,Elite Fuel,Dining
442,Urban Mart,Grocery
443,Prime Mart,Utilities
444,Quick Fuel,Fuel
445,Elite Mart,Entertainment
446,Prime Mart,Fashion
447,Urban Store,Dining
448,Quick Fuel,Fuel
449,Elite Mart,E-commerce
450,Elite Cafe,Dining
451,Elite Mart,Dining
452,Urban Hub,Entertainment
453,Elite Hub,Travel
454,Metro Store,Electronics
455,Prime Mart,Fuel
456,Elite Cafe,Fashion
457,Urban Fuel,Entertainment
458,Metro Store,Healthcare
459,Quick Mart,Fuel
460,Metro Hub,Healthcare
461,Urban Store,Grocery
462,Urban Fuel,Entertainment
463,Metro Store,Utilities
464,Quick Hub,Grocery
465,Elite Hub,Utilities
466,Metro Cafe,Entertainment
467,Elite Mart,E-commerce
468,Quick Hub,Travel
469,Urban Fuel,Dining
470,Prime Hub,Electronics
471,Prime Hub,Fashion
472,Metro Fuel,Travel
473,Prime Fuel,Electronics
474,Metro Cafe,Utilities
475,Prime Fuel,E-commerce
476,Prime Store,Electronics
477,Urban Mart,Fuel
478,Metro Store,Entertainment
479,Prime Fuel,E-commerce
480,Elite Fuel,Dining
481,Urban Mart,Fuel
482,Prime Mart,Grocery
483,Elite Cafe,Entertainment
484,Metro Mart,Entertainment
485,Quick Hub,Entertainment
486,Quick Hub,Grocery
487,Elite Hub,Fuel
488,Metro Cafe,Dining
489,Elite Cafe,Grocery
490,Elite Store,Healthcare
491,Prime Fuel,Fashion
492,Metro Cafe,Fashion
493,Elite Cafe,E-commerce
494,Urban Mart,Travel
495,Prime Store,Travel
496,Elite Fuel,Dining
497,Prime Mart,Healthcare
498,Prime Store,Utilities
499,Quick Store,Travel
500,Elite Cafe,Travel
501,Urban Mart,Grocery
502,Metro Cafe,Travel
503,Quick Fuel,Entertainment
504,Metro Cafe,E-commerce
505,Elite Hub,Grocery
506,Urban Mart,Utilities
507,Prime Mart,Utilities
508,Metro Hub,Utilities
509,Quick Store,Healthcare
510,Quick Store,Dining
511,Quick Hub,Travel
512,Quick Hub,Grocery
513,Quick Fuel,Dining
514,Elite Hub,Fuel
515,Prime Fuel,E-commerce
516,Elite Hub,Travel
517,Quick Store,Travel
518,Elite Hub,Fashion
519,Metro Fuel,Travel
520,Metro Store,Travel
521,Quick Fuel,Fuel
522,Metro Mart,Entertainment
523,Elite Hub,Dining
524,Urban Fuel,Dining
525,Metro Cafe,Travel
526,Metro Mart,Healthcare
527,Urban Store,Fuel
528,Metro Hub,Electronics
529,Elite Hub,Dining
530,Elite Fuel,Fuel
531,Metro Hub,E-commerce
532,Urban Fuel,Utilities
533,Quick Fuel,Dining
534,Metro Cafe,Dining
535,Quick Mart,Dining
536,Quick Fuel,Travel
537,Urban Mart,Healthcare
538,Metro Hub,Fuel
539,Elite Store,Fashion
540,Metro Store,Dining
541,Quick Hub,E-commerce
542,Metro Mart,Electronics
543,Quick Fuel,Utilities
544,Metro Cafe,Dining
545,Prime Mart,Entertainment
546,Prime Hub,E-commerce
547,Quick Store,Dining
548,Elite Cafe,Travel
549,Elite Hub,Travel
550,Quick Cafe,Utilities
551,Quick Hub,E-commerce
552,Quick Cafe,Utilities
553,Metro Mart,Entertainment
554,Urban Store,Grocery
555,Urban Fuel,Fuel
556,Elite Store,Travel
557,Metro Mart,Fuel
558,Quick Store,Grocery
559,Quick Hub,Fuel
560,Elite Store,Grocery
561,Urban Hub,Dining
562,Urban Mart,Travel
563,Quick Store,Dining
564,Urban Cafe,Electronics
565,Urban Mart,Grocery
566,Elite Mart,Grocery
567,Metro Store,Grocery
568,Prime Fuel,E-commerce
569,Urban Mart,Fuel
570,Urban Hub,Fashion
571,Metro Fuel,Electronics
572,Elite Fuel,Entertainment
573,Prime Store,Electronics
574,Urban Fuel,Fuel
575,Urban Store,Utilities
576,Metro Cafe,Utilities
577,Prime Hub,Healthcare
578,Metro Fuel,Electronics
579,Metro Mart,Grocery
580,Metro Cafe,Electronics
581,Prime Fuel,Fuel
582,Quick Cafe,Electronics
583,Urban Store,Entertainment
584,Elite Cafe,Electronics
585,Urban Hub,Grocery
586,Urban Mart,Grocery
587,Metro Fuel,Grocery
588,Urban Mart,Fuel
589,Quick Store,Entertainment
590,Urban Cafe,Fashion
591,Prime Store,Healthcare
592,Elite Mart,Travel
593,Quick Fuel,Entertainment
594,Quick Hub,Grocery
595,Elite Store,Travel
596,Urban Fuel,E-commerce
597,Quick Mart,Dining
598,Urban Hub,Entertainment
599,Metro Mart,Fuel
600,Elite Fuel,E-commerce
601,Metro Hub,E-commerce
602,Metro Cafe,Utilities
603,Quick Fuel,Entertainment
604,Metro Hub,Fuel
605,Prime Hub,Electronics
606,Urban Hub,Dining
607,Elite Cafe,Healthcare
608,Urban Hub,Grocery
609,Prime Hub,Electronics
610,Elite Hub,E-commerce
611,Urban Cafe,E-commerce
612,Prime Fuel,Travel
613,Urban Store,E-commerce
614,Elite Fuel,Entertainment
615,Elite Fuel,Entertainment
616,Metro Store,Grocery
617,Prime Store,Fuel
618,Elite Mart,Fashion
619,Elite Hub,E-commerce
620,Quick Cafe,Fuel
621,Prime Store,Entertainment
622,Quick Store,Travel
623,Prime Mart,Electronics
624,Metro Store,Travel
625,Urban Hub,Fuel
626,Elite Store,Electronics
627,Prime Mart,Utilities
628,Elite Mart,Dining
629,Urban Hub,Healthcare
630,Prime Hub,Travel
631,Metro Mart,Travel
632,Urban Hub,Fashion
633,Urban Cafe,Fuel
634,Prime Mart,Utilities
635,Elite Fuel,Fuel
636,Quick Cafe,Fuel
637,Elite Hub,Travel
638,Prime Hub,Utilities
639,Quick Cafe,Fashion
640,Quick Fuel,Grocery
641,Urban Store,Electronics
642,Metro Mart,Dining
643,Elite Hub,Healthcare
644,Elite Hub,Dining
645,Metro Fuel,Entertainment
646,Elite Fuel,Electronics
647,Metro Fuel,Healthcare
648,Urban Hub,Entertainment
649,Quick Mart,Fuel
650,Metro Mart,Fuel
651,Elite Fuel,Grocery
652,Elite Fuel,Fashion
653,Quick Fuel,Fuel
654,Metro Store,Dining
655,Elite Cafe,Dining
656,Prime Store,Healthcare
657,Quick Hub,Healthcare
658,Metro Fuel,Travel
659,Urban Hub,Travel
660,Elite Fuel,Grocery
661,Elite Hub,Healthcare
662,Prime Store,Utilities
663,Elite Store,Electronics
664,Prime Cafe,Electronics
665,Quick Fuel,Fuel
666,Prime Mart,Entertainment
667,Urban Mart,Electronics
668,Urban Store,Electronics
669,Quick Cafe,Entertainment
670,Urban Store,Fashion
671,Prime Mart,Entertainment
672,Prime Hub,Utilities
673,Prime Store,Travel
674,Metro Mart,Healthcare
675,Urban Fuel,Dining
676,Elite Fuel,Grocery
677,Metro Mart,E-commerce
678,Prime Hub,Grocery
679,Elite Fuel,Electronics
680,Metro Fuel,Grocery
681,Metro Mart,E-commerce
682,Elite Fuel,Fuel
683,Prime Cafe,Dining
684,Elite Hub,Entertainment
685,Urban Fuel,Utilities
686,Urban Cafe,Entertainment
687,Metro Cafe,Dining
688,Quick Cafe,E-commerce
689,Urban Cafe,Fuel
690,Quick Cafe,Grocery
691,Elite Mart,Fuel
692,Urban Cafe,Healthcare
693,Urban Cafe,Electronics
694,Quick Mart,Healthcare
695,Urban Hub,Healthcare
696,Quick Cafe,Utilities
697,Prime Mart,Fashion
698,Urban Store,E-commerce
699,Prime Cafe,Dining
700,Quick Cafe,E-commerce
701,Elite Hub,Fuel
702,Elite Mart,Dining
703,Prime Mart,E-commerce
704,Elite Cafe,E-commerce
705,Quick Cafe,E-commerce
706,Elite Hub,E-commerce
707,Prime Fuel,E-commerce
708,Quick Fuel,Entertainment
709,Metro Store,Travel
710,Urban Hub,Fuel
711,Quick Store,Electronics
712,Prime Hub,Utilities
713,Prime Mart,Entertainment
714,Prime Store,E-commerce
715,Prime Cafe,Fashion
716,Urban Cafe,Dining
717,Prime Store,Utilities
718,Quick Store,Utilities
719,Prime Hub,Healthcare
720,Prime Hub,Grocery
721,Elite Mart,E-commerce
722,Elite Mart,E-commerce
723,Prime Hub,Fashion
724,Urban Hub,Utilities
725,Urban Fuel,Dining
726,Urban Mart,Travel
727,Metro Hub,Utilities
728,Metro Fuel,Healthcare
729,Prime Cafe,Healthcare
730,Quick Store,Grocery
731,Urban Mart,Fashion
732,Prime Cafe,Healthcare
733,Urban Hub,Utilities
734,Elite Fuel,Healthcare
735,Prime Fuel,Utilities
736,Quick Mart,Dining
737,Quick Fuel,Entertainment
738,Prime Store,Fashion
739,Urban Store,Fuel
740,Urban Fuel,Fuel
741,Elite Mart,E-commerce
742,Elite Cafe,Dining
743,Urban Mart,Fuel
744,Urban Store,Entertainment
745,Metro Fuel,Electronics
746,Prime Cafe,Travel
747,Elite Store,Utilities
748,Metro Fuel,Fuel
749,Quick Fuel,Grocery
750,Urban Hub,Entertainment
751,Quick Hub,Electronics
752,Prime Store,Fashion
753,Urban Fuel,Utilities
754,Elite Store,Travel
755,Elite Mart,Electronics
756,Urban Store,Utilities
757,Urban Cafe,E-commerce
758,Prime Mart,E-commerce
759,Urban Fuel,Healthcare
760,Prime Hub,Entertainment
761,Quick Store,Electronics
762,Prime Store,Fuel
763,Prime Store,E-commerce
764,Elite Cafe,Travel
765,Elite Fuel,Fashion
766,Prime Hub,Grocery
767,Prime Mart,Fuel
768,Quick Hub,E-commerce
769,Quick Fuel,Healthcare
770,Quick Cafe,Entertainment
771,Metro Store,Entertainment
772,Metro Hub,Travel
773,Metro Store,E-commerce
774,Prime Hub,Dining
775,Prime Cafe,Grocery
776,Elite Mart,Electronics
777,Metro Fuel,Grocery
778,Metro Fuel,Entertainment
779,Urban Fuel,Grocery
780,Quick Fuel,Travel
781,Prime Store,Fashion
782,Elite Fuel,Healthcare
783,Elite Cafe,Utilities
784,Quick Fuel,Healthcare
785,Elite Hub,Fuel
786,Metro Store,Grocery
787,Quick Fuel,Grocery
788,Elite Mart,Grocery
789,Elite Store,Electronics
790,Elite Hub,Travel
791,Metro Mart,Travel
792,Metro Mart,E-commerce
793,Quick Cafe,Fuel
794,Urban Fuel,Electronics
795,Quick Fuel,Healthcare
796,Urban Store,Fuel
797,Prime Mart,Entertainment
798,Metro Mart,Electronics
799,Quick Store,Utilities
800,Quick Store,E-commerce
801,Urban Mart,Dining
802,Prime Mart,Utilities
803,Metro Hub,Entertainment
804,Metro Mart,Travel
805,Elite Store,Entertainment
806,Prime Hub,E-commerce
807,Metro Fuel,Entertainment
808,Urban Store,Grocery
809,Elite Store,Grocery
810,Urban Fuel,Electronics
811,Prime Fuel,Travel
812,Elite Fuel,Fashion
813,Prime Store,E-commerce
814,Elite Store,Entertainment
815,Elite Store,Travel
816,Elite Cafe,Fashion
817,Elite Store,Entertainment
818,Prime Hub,Healthcare
819,Urban Store,Travel
820,Urban Store,Travel
821,Prime Fuel,Fuel
822,Prime Fuel,Fashion
823,Elite Store,Fuel
824,Quick Cafe,Electronics
825,Prime Mart,Fashion
826,Urban Mart,Electronics
827,Prime Fuel,Entertainment
828,Prime Hub,Grocery
829,Elite Store,Utilities
830,Urban Mart,Grocery
831,Prime Store,Healthcare
832,Urban Fuel,E-commerce
833,Elite Hub,Fashion
834,Urban Mart,Fashion
835,Quick Cafe,Grocery
836,Elite Hub,Grocery
837,Urban Hub,Electronics
838,Elite Fuel,Healthcare
839,Urban Fuel,Healthcare
840,Elite Mart,Healthcare
841,Quick Store,Fashion
842,Metro Hub,Fuel
843,Elite Cafe,Fuel
844,Prime Cafe,Grocery
845,Prime Hub,Fashion
846,Prime Cafe,Fuel
847,Prime Cafe,Dining
848,Metro Cafe,Dining
849,Elite Store,Fashion
850,Quick Store,Travel
851,Quick Cafe,Dining
852,Urban Mart,E-commerce
853,Elite Mart,Fuel
854,Metro Cafe,Fashion
855,Prime Cafe,Fuel
856,Metro Fuel,E-commerce
857,Quick Hub,Healthcare
858,Prime Hub,Fuel
859,Metro Cafe,Healthcare
860,Elite Cafe,E-commerce
861,Quick Store,Travel
862,Elite Hub,Fuel
863,Urban Mart,Grocery
864,Urban Mart,Fuel
865,Urban Mart,Utilities
866,Quick Hub,Travel
867,Elite Mart,Fashion
868,Elite Hub,Fuel
869,Prime Hub,Utilities
870,Prime Hub,Travel
871,Prime Cafe,Entertainment
872,Urban Store,Utilities
873,Prime Fuel,Grocery
874,Prime Store,Dining
875,Urban Mart,Entertainment
876,Metro Cafe,Healthcare
877,Metro Hub,Grocery
878,Prime Store,Grocery
879,Urban Fuel,Utilities
880,Metro Store,Fashion
881,Quick Mart,Fuel
882,Metro Fuel,Electronics
883,Metro Mart,Grocery
884,Urban Hub,Utilities
885,Quick Fuel,Fashion
886,Prime Store,Travel
887,Metro Fuel,E-commerce
888,Prime Mart,Dining
889,Metro Fuel,E-commerce
890,Metro Fuel,Electronics
891,Metro Store,Electronics
892,Quick Fuel,Fuel
893,Prime Store,Healthcare
894,Prime Mart,Healthcare
895,Elite Hub,Grocery
896,Urban Cafe,Fashion
897,Elite Cafe,Grocery
898,Metro Mart,Dining
899,Elite Hub,Fashion
900,Elite Cafe,E-commerce
901,Prime Hub,Travel
902,Urban Mart,Grocery
903,Urban Hub,Utilities
904,Urban Cafe,Dining
905,Elite Mart,Fuel
906,Urban Mart,Travel
907,Metro Fuel,Electronics
908,Urban Mart,Dining
909,Prime Hub,Grocery
910,Prime Fuel,Healthcare
911,Metro Fuel,E-commerce
912,Urban Fuel,Entertainment
913,Quick Fuel,Fashion
914,Prime Mart,Healthcare
915,Prime Store,Fuel
916,Metro Store,Travel
917,Urban Store,Grocery
918,Elite Cafe,Entertainment
919,Quick Mart,Travel
920,Urban Store,Grocery
921,Elite Fuel,Travel
922,Quick Mart,Dining
923,Metro Mart,Utilities
924,Metro Fuel,Utilities
925,Prime Mart,Fashion
926,Prime Mart,Entertainment
927,Prime Fuel,Entertainment
928,Quick Cafe,Fashion
929,Elite Mart,E-commerce
930,Quick Fuel,Fuel
931,Metro Hub,Electronics
932,Quick Store,E-commerce
933,Quick Store,Healthcare
934,Quick Store,Dining
935,Elite Cafe,Dining
936,Metro Cafe,Travel
937,Quick Store,Electronics
938,Metro Mart,Dining
939,Metro Hub,Electronics
940,Quick Cafe,Healthcare
941,Quick Fuel,Healthcare
942,Prime Fuel,Dining
943,Quick Fuel,Healthcare
944,Elite Fuel,Entertainment
945,Prime Fuel,Entertainment
946,Quick Store,Healthcare
947,Prime Mart,Utilities
948,Elite Hub,Healthcare
949,Prime Mart,Utilities
950,Urban Hub,Electronics
951,Metro Cafe,Healthcare
952,Urban Fuel,Fuel
953,Elite Fuel,Healthcare
954,Elite Fuel,Entertainment
955,Metro Store,Healthcare
956,Prime Hub,Entertainment
957,Urban Mart,E-commerce
958,Quick Store,E-commerce
959,Quick Cafe,Fashion
960,Urban Mart,Entertainment
961,Quick Fuel,E-commerce
962,Urban Mart,Healthcare
963,Elite Store,Grocery
964,Urban Mart,Healthcare
965,Urban Hub,E-commerce
966,Metro Mart,Electronics
967,Quick Cafe,Fashion
968,Prime Mart,E-commerce
969,Urban Cafe,Electronics
970,Quick Fuel,Healthcare
971,Urban Cafe,Entertainment
972,Urban Mart,Entertainment
973,Prime Cafe,Travel
974,Prime Hub,Healthcare
975,Metro Fuel,Fuel
976,Elite Store,Electronics
977,Prime Mart,Grocery
978,Quick Hub,Travel
979,Metro Cafe,Grocery
980,Prime Mart,E-commerce
981,Urban Hub,Electronics
982,Elite Mart,Fashion
983,Quick Store,Travel
984,Prime Fuel,E-commerce
985,Quick Cafe,Electronics
986,Elite Cafe,Dining
987,Metro Cafe,E-commerce
988,Metro Hub,Electronics
989,Urban Hub,Grocery
990,Urban Mart,Electronics
991,Metro Fuel,Utilities
992,Prime Fuel,Entertainment
993,Metro Hub,Fuel
994,Elite Store,Healthcare
995,Urban Cafe,Electronics
996,Urban Store,Electronics
997,Metro Hub,Fuel
998,Elite Hub,Fashion
999,Metro Hub,Fuel
1000,Elite Store,Dining
1001,Prime Fuel,Travel
1002,Urban Mart,Dining
1003,Metro Cafe,Fashion
1004,Prime Fuel,E-commerce
1005,Metro Cafe,Travel
1006,Metro Store,Utilities
1007,Quick Cafe,Fashion
1008,Prime Hub,Dining
1009,Quick Cafe,Dining
1010,Elite Cafe,Utilities
1011,Quick Cafe,Fashion
1012,Urban Fuel,Electronics
1013,Quick Fuel,Utilities
1014,Urban Cafe,E-commerce
1015,Quick Hub,Healthcare
1016,Prime Cafe,Travel
1017,Prime Fuel,Electronics
1018,Prime Hub,Fashion
1019,Prime Cafe,Utilities
1020,Prime Fuel,Entertainment
1021,Urban Store,Entertainment
1022,Elite Store,Fuel
1023,Metro Cafe,Entertainment
1024,Prime Hub,Utilities
1025,Elite Mart,Grocery
1026,Metro Hub,Grocery
1027,Quick Hub,Entertainment
1028,Elite Store,Utilities
1029,Metro Store,E-commerce
1030,Elite Fuel,E-commerce
1031,Urban Store,Utilities
1032,Elite Mart,Grocery
1033,Prime Store,Fashion
1034,Quick Fuel,Electronics
1035,Elite Cafe,Dining
1036,Urban Hub,Fashion
1037,Prime Fuel,Utilities
1038,Metro Fuel,Grocery
1039,Elite Cafe,Dining
1040,Urban Hub,Electronics
1041,Elite Hub,Fuel
1042,Elite Mart,Grocery
1043,Elite Store,Fashion
1044,Prime Hub,Entertainment
1045,Urban Cafe,Fashion
1046,Elite Fuel,E-commerce
1047,Prime Fuel,Entertainment
1048,Metro Mart,Fuel
1049,Metro Store,Fashion
1050,Quick Hub,Utilities
1051,Quick Store,Utilities
1052,Prime Hub,Entertainment
1053,Elite Fuel,Healthcare
1054,Prime Hub,Healthcare
1055,Elite Cafe,E-commerce
1056,Urban Fuel,Dining
1057,Metro Fuel,Grocery
1058,Elite Cafe,Healthcare
1059,Metro Hub,Entertainment
1060,Prime Hub,E-commerce
1061,Elite Hub,Grocery
1062,Urban Cafe,Fashion
1063,Quick Mart,Dining
1064,Metro Fuel,Grocery
1065,Elite Hub,Entertainment
1066,Quick Hub,Electronics
1067,Quick Store,Entertainment
1068,Elite Fuel,Fuel
1069,Urban Store,E-commerce
1070,Quick Mart,Travel
1071,Metro Hub,E-commerce
1072,Urban Store,Entertainment
1073,Metro Fuel,Travel
1074,Metro Hub,Healthcare
1075,Quick Mart,Entertainment
1076,Quick Mart,Electronics
1077,Elite Mart,Travel
1078,Urban Fuel,Grocery
1079,Metro Cafe,Entertainment
1080,Elite Cafe,Healthcare
1081,Urban Hub,Healthcare
1082,Elite Cafe,Travel
1083,Elite Cafe,E-commerce
1084,Quick Fuel,Healthcare
1085,Prime Hub,E-commerce
1086,Elite Fuel,Fuel
1087,Metro Hub,Fuel
1088,Metro Fuel,Fuel
1089,Urban Mart,Entertainment
1090,Urban Hub,Fashion
1091,Urban Store,Entertainment
1092,Metro Store,Electronics
1093,Quick Store,Healthcare
1094,Urban Fuel,Electronics
1095,Prime Mart,Entertainment
1096,Elite Fuel,Electronics
1097,Urban Fuel,Electronics
1098,Elite Cafe,Dining
1099,Metro Fuel,Travel
1100,Quick Cafe,Dining
1101,Metro Cafe,Dining
1102,Elite Fuel,Electronics
1103,Metro Store,Dining
1104,Quick Fuel,Utilities
1105,Metro Hub,Electronics
1106,Urban Hub,Fashion
1107,Quick Store,Travel
1108,Quick Fuel,Fuel
1109,Elite Mart,Healthcare
1110,Metro Store,Dining
1111,Urban Store,Utilities
1112,Elite Mart,Electronics
1113,Quick Fuel,Utilities
1114,Quick Hub,E-commerce
1115,Prime Mart,Entertainment
1116,Metro Store,Entertainment
1117,Quick Mart,Grocery
1118,Quick Cafe,Electronics
1119,Urban Hub,Grocery
1120,Metro Fuel,Fashion
1121,Elite Cafe,Grocery
1122,Prime Mart,Travel
1123,Elite Cafe,Utilities
1124,Metro Mart,Healthcare
1125,Elite Store,Fashion
1126,Metro Store,Dining
1127,Prime Cafe,Utilities
1128,Quick Fuel,Grocery
1129,Metro Hub,Fuel
1130,Quick Mart,Dining
1131,Metro Cafe,Healthcare
1132,Urban Fuel,E-commerce
1133,Elite Hub,Utilities
1134,Prime Hub,Electronics
1135,Metro Cafe,Electronics
1136,Prime Cafe,Entertainment
1137,Metro Store,Entertainment
1138,Quick Hub,E-commerce
1139,Quick Store,Fuel
1140,Quick Hub,Travel
1141,Prime Fuel,Grocery
1142,Quick Mart,Electronics
1143,Elite Cafe,Utilities
1144,Prime Store,Dining
1145,Urban Hub,Healthcare
1146,Metro Cafe,Fashion
1147,Metro Cafe,Grocery
1148,Metro Mart,Utilities
1149,Urban Fuel,Healthcare
1150,Quick Hub,Grocery
1151,Elite Cafe,Fuel
1152,Urban Hub,Fuel
1153,Prime Fuel,Fuel
1154,Urban Store,Fashion
1155,Elite Mart,E-commerce
1156,Metro Cafe,Dining
1157,Quick Hub,Fashion
1158,Elite Cafe,Fashion
1159,Prime Hub,E-commerce
1160,Elite Hub,Dining
1161,Quick Hub,Fuel
1162,Prime Cafe,E-commerce
1163,Metro Fuel,Fashion
1164,Urban Store,Dining
1165,Urban Store,Travel
1166,Prime Store,Healthcare
1167,Prime Mart,E-commerce
1168,Urban Mart,Healthcare
1169,Prime Cafe,E-commerce
1170,Urban Fuel,Electronics
1171,Prime Mart,Electronics
1172,Metro Mart,Grocery
1173,Metro Hub,Travel
1174,Elite Store,Entertainment
1175,Quick Mart,Travel
1176,Prime Fuel,Healthcare
1177,Urban Fuel,Fashion
1178,Elite Mart,Healthcare
1179,Quick Hub,Dining
1180,Quick Store,Travel
1181,Elite Mart,Entertainment
1182,Metro Hub,Entertainment
1183,Urban Store,E-commerce
1184,Prime Store,E-commerce
1185,Prime Store,Fashion
1186,Prime Mart,Fuel
1187,Metro Hub,Travel
1188,Prime Hub,Fashion
1189,Urban Store,Fashion
1190,Quick Store,Electronics
1191,Metro Mart,Grocery
1192,Metro Cafe,Electronics
1193,Metro Store,Entertainment
1194,Urban Store,Entertainment
1195,Elite Hub,Utilities
1196,Quick Hub,Travel
1197,Quick Store,Electronics
1198,Prime Fuel,Electronics
1199,Prime Fuel,Fuel
1200,Prime Hub,Travel
1201,Urban Hub,E-commerce
1202,Elite Cafe,Fashion
1203,Urban Mart,Electronics
1204,Elite Cafe,Electronics
1205,Metro Cafe,Travel
1206,Prime Mart,Utilities
1207,Prime Fuel,Travel
1208,Metro Cafe,Dining
1209,Metro Mart,Dining
1210,Prime Fuel,Dining
1211,Elite Fuel,Utilities
1212,Metro Hub,Fashion
1213,Quick Fuel,Healthcare
1214,Elite Cafe,Healthcare
1215,Prime Cafe,Travel
1216,Urban Fuel,Healthcare
1217,Quick Store,E-commerce
1218,Metro Cafe,Dining
1219,Quick Store,Fashion
1220,Urban Hub,E-commerce
1221,Prime Cafe,Dining
1222,Urban Store,Grocery
1223,Prime Mart,E-commerce
1224,Urban Cafe,Fashion
1225,Urban Fuel,Healthcare
1226,Quick Mart,Travel
1227,Metro Cafe,Utilities
1228,Quick Hub,Electronics
1229,Elite Cafe,Utilities
1230,Elite Hub,E-commerce
1231,Urban Mart,Entertainment
1232,Prime Mart,Grocery
1233,Metro Fuel,Utilities
1234,Elite Hub,Fuel
1235,Prime Hub,Healthcare
1236,Prime Mart,Fuel
1237,Urban Hub,Dining
1238,Elite Store,Entertainment
1239,Urban Mart,Fuel
1240,Urban Store,E-commerce
1241,Metro Fuel,E-commerce
1242,Metro Cafe,Travel
1243,Metro Store,Grocery
1244,Quick Hub,Grocery
1245,Elite Fuel,Entertainment
1246,Prime Hub,Healthcare
1247,Quick Fuel,Fashion
1248,Metro Mart,Fashion
1249,Urban Store,Utilities
1250,Urban Mart,Utilities
1251,Urban Fuel,Fuel
1252,Quick Cafe,Fashion
1253,Urban Store,Electronics
1254,Urban Cafe,Dining
1255,Prime Store,Entertainment
1256,Elite Hub,Utilities
1257,Prime Fuel,Electronics
1258,Elite Store,Electronics
1259,Prime Store,Healthcare
1260,Metro Fuel,Fuel
1261,Quick Fuel,E-commerce
1262,Urban Fuel,Fuel
1263,Quick Fuel,Dining
1264,Metro Hub,Electronics
1265,Urban Mart,Dining
1266,Elite Hub,Dining
1267,Quick Store,Dining
1268,Quick Hub,Fashion
1269,Quick Mart,E-commerce
1270,Urban Store,Fuel
1271,Elite Cafe,Dining
1272,Elite Fuel,Grocery
1273,Metro Hub,Fashion
1274,Metro Fuel,Utilities
1275,Metro Fuel,Utilities
1276,Quick Hub,Electronics
1277,Urban Mart,Dining
1278,Prime Mart,Electronics
1279,Quick Cafe,E-commerce
1280,Prime Mart,Dining
1281,Metro Fuel,E-commerce
1282,Urban Hub,Electronics
1283,Prime Mart,Electronics
1284,Prime Fuel,Entertainment
1285,Quick Mart,E-commerce
1286,Urban Cafe,Electronics
1287,Quick Fuel,Dining
1288,Urban Fuel,Utilities
1289,Prime Cafe,Electronics
1290,Quick Fuel,E-commerce
1291,Metro Cafe,Healthcare
1292,Prime Mart,Electronics
1293,Elite Cafe,Fashion
1294,Quick Hub,Travel
1295,Urban Fuel,Entertainment
1296,Urban Store,Dining
1297,Prime Store,Utilities
1298,Metro Cafe,Travel
1299,Quick Cafe,Fuel
1300,Prime Store,Grocery
1301,Prime Mart,E-commerce
1302,Prime Hub,Grocery
1303,Prime Mart,Fashion
1304,Elite Fuel,Healthcare
1305,Prime Cafe,Fuel
1306,Prime Mart,Fashion
1307,Urban Cafe,Fuel
1308,Elite Hub,Dining
1309,Elite Fuel,Entertainment
1310,Prime Hub,Fashion
1311,Metro Hub,Electronics
1312,Prime Cafe,Healthcare
1313,Elite Fuel,E-commerce
1314,Urban Fuel,Fuel
1315,Quick Cafe,Electronics
1316,Quick Cafe,Travel
1317,Quick Cafe,Grocery
1318,Metro Fuel,Electronics
1319,Urban Mart,Grocery
1320,Metro Store,Fuel
1321,Metro Mart,Entertainment
1322,Quick Hub,E-commerce
1323,Urban Hub,Healthcare
1324,Elite Mart,Healthcare
1325,Metro Fuel,Fuel
1326,Metro Cafe,Fuel
1327,Urban Store,E-commerce
1328,Elite Store,Grocery
1329,Urban Mart,Utilities
1330,Elite Store,Fuel
1331,Elite Mart,Electronics
1332,Elite Cafe,Dining
1333,Urban Store,Fuel
1334,Urban Store,Entertainment
1335,Prime Fuel,Utilities
1336,Urban Store,E-commerce
1337,Urban Store,Grocery
1338,Urban Hub,Utilities
1339,Prime Store,E-commerce
1340,Urban Fuel,Healthcare
1341,Urban Hub,Travel
1342,Prime Cafe,Dining
1343,Elite Hub,Utilities
1344,Urban Cafe,Grocery
1345,Metro Cafe,Fashion
1346,Prime Cafe,Travel
1347,Prime Cafe,Dining
1348,Urban Cafe,Electronics
1349,Elite Fuel,Electronics
1350,Prime Mart,Grocery
1351,Quick Store,Travel
1352,Urban Mart,Healthcare
1353,Metro Fuel,Dining
1354,Quick Mart,Entertainment
1355,Quick Fuel,Entertainment
1356,Metro Cafe,Fuel
1357,Prime Hub,Grocery
1358,Elite Mart,Healthcare
1359,Urban Hub,Entertainment
1360,Quick Mart,Fashion
1361,Urban Hub,Healthcare
1362,Urban Store,Electronics
1363,Metro Cafe,E-commerce
1364,Prime Hub,Fashion
1365,Elite Mart,Entertainment
1366,Quick Mart,Healthcare
1367,Urban Fuel,Travel
1368,Urban Store,Travel
1369,Metro Mart,Fuel
1370,Metro Hub,Entertainment
1371,Metro Hub,Fuel
1372,Prime Cafe,Fuel
1373,Quick Fuel,Electronics
1374,Prime Store,Dining
1375,Urban Cafe,Travel
1376,Urban Hub,Entertainment
1377,Urban Store,Utilities
1378,Quick Hub,Fashion
1379,Elite Cafe,Entertainment
1380,Metro Store,Utilities
1381,Urban Hub,E-commerce
1382,Elite Mart,Travel
1383,Urban Cafe,Healthcare
1384,Elite Store,Dining
1385,Quick Hub,Travel
1386,Elite Store,Healthcare
1387,Urban Fuel,Dining
1388,Quick Fuel,Travel
1389,Prime Fuel,Fuel
1390,Prime Fuel,Travel
1391,Quick Mart,Healthcare
1392,Quick Fuel,Grocery
1393,Elite Hub,Utilities
1394,Elite Fuel,Travel
1395,Elite Hub,E-commerce
1396,Metro Store,Healthcare
1397,Quick Fuel,Healthcare
1398,Urban Store,Grocery
1399,Metro Hub,Electronics
1400,Quick Hub,Fuel
1401,Elite Mart,Grocery
1402,Elite Mart,E-commerce
1403,Prime Mart,Dining
1404,Quick Store,Healthcare
1405,Quick Mart,Healthcare
1406,Prime Fuel,Utilities
1407,Elite Cafe,Electronics
1408,Quick Hub,Entertainment
1409,Urban Hub,Healthcare
1410,Prime Store,Utilities
1411,Metro Hub,Travel
1412,Prime Mart,Electronics
1413,Elite Fuel,Fuel
1414,Metro Hub,Entertainment
1415,Elite Cafe,Grocery
1416,Prime Mart,E-commerce
1417,Metro Cafe,Entertainment
1418,Quick Cafe,E-commerce
1419,Elite Hub,Grocery
1420,Elite Store,Grocery
1421,Prime Mart,Healthcare
1422,Metro Mart,Entertainment
1423,Elite Fuel,Healthcare
1424,Urban Store,Fuel
1425,Quick Hub,Dining
1426,Urban Fuel,Fashion
1427,Metro Store,Healthcare
1428,Urban Cafe,Fashion
1429,Metro Mart,Fuel
1430,Prime Hub,Grocery
1431,Metro Store,E-commerce
1432,Metro Hub,Utilities
1433,Quick Mart,Fashion
1434,Metro Mart,Healthcare
1435,Metro Fuel,Travel
1436,Urban Hub,Healthcare
1437,Prime Cafe,Healthcare
1438,Urban Hub,Healthcare
1439,Prime Cafe,Electronics
1440,Prime Fuel,Healthcare
1441,Prime Store,Travel
1442,Urban Hub,Fuel
1443,Metro Store,Dining
1444,Elite Hub,Electronics
1445,Prime Store,Electronics
1446,Quick Mart,E-commerce
1447,Elite Store,Dining
1448,Urban Cafe,E-commerce
1449,Elite Mart,Fuel
1450,Prime Store,Utilities
1451,Elite Cafe,Dining
1452,Urban Cafe,E-commerce
1453,Metro Hub,Fashion
1454,Urban Fuel,Fashion
1455,Metro Fuel,Fashion
1456,Metro Mart,Utilities
1457,Quick Mart,Utilities
1458,Metro Mart,Dining
1459,Quick Fuel,Healthcare
1460,Elite Hub,Fuel
1461,Quick Mart,Fuel
1462,Metro Store,E-commerce
1463,Elite Mart,Entertainment
1464,Quick Mart,Utilities
1465,Urban Store,Entertainment
1466,Quick Fuel,E-commerce
1467,Elite Cafe,Utilities
1468,Urban Hub,Utilities
1469,Elite Fuel,Entertainment
1470,Quick Store,E-commerce
1471,Elite Fuel,Healthcare
1472,Elite Store,Fuel
1473,Prime Fuel,Entertainment
1474,Urban Cafe,Dining
1475,Elite Fuel,Travel
1476,Urban Cafe,Grocery
1477,Elite Fuel,Utilities
1478,Metro Cafe,Dining
1479,Quick Fuel,Fuel
1480,Prime Mart,Fashion
1481,Metro Hub,Utilities
1482,Metro Mart,E-commerce
1483,Urban Cafe,E-commerce
1484,Quick Hub,Fuel
1485,Quick Store,Electronics
1486,Elite Fuel,E-commerce
1487,Quick Store,Fuel
1488,Quick Cafe,Travel
1489,Metro Hub,Entertainment
1490,Elite Mart,Fuel
1491,Elite Cafe,Travel
1492,Quick Mart,Travel
1493,Elite Store,Utilities
1494,Urban Cafe,E-commerce
1495,Prime Fuel,Entertainment
1496,Elite Cafe,Utilities
1497,Urban Hub,Utilities
1498,Metro Hub,Grocery
1499,Prime Store,Utilities
1500,Prime Cafe,Healthcare
1501,Metro Cafe,Travel
1502,Quick Fuel,Dining
1503,Prime Hub,Travel
1504,Prime Cafe,Utilities
1505,Elite Store,Utilities
1506,Metro Cafe,Dining
1507,Metro Fuel,E-commerce
1508,Prime Hub,Dining
1509,Metro Mart,Utilities
1510,Quick Fuel,E-commerce
1511,Metro Mart,Fashion
1512,Prime Mart,Electronics
1513,Urban Hub,Travel
1514,Quick Store,Fashion
1515,Metro Fuel,Entertainment
1516,Metro Store,Electronics
1517,Quick Store,E-commerce
1518,Quick Cafe,Entertainment
1519,Metro Fuel,Grocery
1520,Prime Fuel,Entertainment
1521,Elite Hub,Utilities
1522,Prime Mart,Electronics
1523,Quick Cafe,Travel
1524,Elite Mart,Dining
1525,Urban Cafe,Travel
1526,Elite Fuel,Fuel
1527,Metro Hub,Grocery
1528,Prime Mart,Travel
1529,Quick Mart,Entertainment
1530,Quick Hub,Healthcare
1531,Metro Hub,Entertainment
1532,Elite Fuel,Entertainment
1533,Elite Fuel,Fashion
1534,Urban Store,Fuel
1535,Quick Store,Grocery
1536,Quick Hub,Healthcare
1537,Elite Hub,Dining
1538,Urban Store,Electronics
1539,Elite Cafe,E-commerce
1540,Elite Cafe,Grocery
1541,Metro Fuel,Fashion
1542,Quick Mart,Healthcare
1543,Elite Cafe,Healthcare
1544,Elite Cafe,Utilities
1545,Quick Fuel,Grocery
1546,Urban Cafe,Electronics
1547,Prime Mart,Dining
1548,Elite Hub,Utilities
1549,Elite Store,Fuel
1550,Metro Hub,Fashion
1551,Elite Cafe,Travel
1552,Elite Store,Entertainment
1553,Quick Hub,Healthcare
1554,Elite Hub,Utilities
1555,Metro Hub,Grocery
1556,Urban Mart,Grocery
1557,Elite Mart,Electronics
1558,Elite Store,Fashion
1559,Urban Mart,Healthcare
1560,Urban Fuel,Travel
1561,Quick Store,Utilities
1562,Quick Cafe,E-commerce
1563,Prime Cafe,Entertainment
1564,Urban Cafe,Grocery
1565,Quick Store,Dining
1566,Metro Store,Fuel
1567,Prime Store,Dining
1568,Metro Store,Grocery
1569,Quick Cafe,Fuel
1570,Elite Cafe,Utilities
1571,Quick Fuel,Fashion
1572,Prime Mart,Healthcare
1573,Elite Hub,Travel
1574,Prime Cafe,Electronics
1575,Metro Mart,E-commerce
1576,Quick Store,Dining
1577,Quick Fuel,Electronics
1578,Quick Store,Fuel
1579,Metro Fuel,Fashion
1580,Urban Mart,Grocery
1581,Metro Fuel,Healthcare
1582,Metro Mart,Fuel
1583,Urban Fuel,Fashion
1584,Metro Cafe,Fashion
1585,Metro Hub,Entertainment
1586,Elite Fuel,Entertainment
1587,Metro Hub,Electronics
1588,Urban Store,Healthcare
1589,Quick Cafe,Electronics
1590,Prime Cafe,Fashion
1591,Elite Mart,Entertainment
1592,Metro Hub,Electronics
1593,Prime Fuel,Fuel
1594,Urban Hub,Dining
1595,Elite Mart,Grocery
1596,Elite Mart,Dining
1597,Elite Fuel,Entertainment
1598,Urban Mart,Dining
1599,Urban Hub,Fuel
1600,Urban Hub,Grocery
1601,Elite Fuel,Grocery
1602,Metro Cafe,Utilities
1603,Prime Fuel,Utilities
1604,Metro Cafe,Electronics
1605,Elite Mart,Dining
1606,Metro Cafe,Fuel
1607,Prime Mart,Healthcare
1608,Metro Cafe,Dining
1609,Quick Mart,Travel
1610,Quick Store,Electronics
1611,Elite Cafe,E-commerce
1612,Urban Cafe,Healthcare
1613,Prime Cafe,Utilities
1614,Urban Hub,Fashion
1615,Urban Cafe,E-commerce
1616,Elite Hub,Grocery
1617,Quick Cafe,Travel
1618,Elite Mart,Fuel
1619,Metro Fuel,E-commerce
1620,Urban Cafe,Dining
1621,Quick Hub,Fuel
1622,Metro Fuel,Utilities
1623,Elite Hub,Fuel
1624,Metro Mart,Grocery
1625,Elite Fuel,E-commerce
1626,Quick Mart,Entertainment
1627,Prime Mart,Fashion
1628,Quick Store,Entertainment
1629,Quick Cafe,Healthcare
1630,Quick Mart,Utilities
1631,Metro Hub,Dining
1632,Elite Hub,Entertainment
1633,Elite Hub,E-commerce
1634,Prime Fuel,E-commerce
1635,Elite Hub,Healthcare
1636,Elite Mart,Healthcare
1637,Prime Fuel,Fuel
1638,Quick Fuel,Utilities
1639,Elite Store,E-commerce
1640,Metro Cafe,Fuel
1641,Urban Hub,Fuel
1642,Elite Hub,Fashion
1643,Metro Hub,Dining
1644,Urban Cafe,Dining
1645,Quick Cafe,Fashion
1646,Prime Cafe,E-commerce
1647,Urban Hub,Fashion
1648,Elite Hub,Fashion
1649,Urban Cafe,Grocery
1650,Prime Cafe,Entertainment
1651,Elite Store,Fuel
1652,Prime Store,Fashion
1653,Metro Cafe,Dining
1654,Metro Store,Fashion
1655,Prime Fuel,Utilities
1656,Metro Hub,Dining
1657,Urban Hub,Grocery
1658,Quick Mart,Fashion
1659,Metro Fuel,Fashion
1660,Prime Mart,Dining
1661,Metro Hub,Electronics
1662,Metro Cafe,Fashion
1663,Urban Hub,Grocery
1664,Metro Fuel,Fuel
1665,Metro Hub,Electronics
1666,Elite Store,Utilities
1667,Urban Mart,Utilities
1668,Urban Fuel,E-commerce
1669,Elite Mart,Fuel
1670,Elite Fuel,Electronics
1671,Quick Fuel,Fuel
1672,Quick Mart,Fuel
1673,Urban Hub,E-commerce
1674,Prime Store,Fashion
1675,Elite Mart,E-commerce
1676,Elite Store,Grocery
1677,Metro Mart,E-commerce
1678,Prime Store,Travel
1679,Urban Cafe,Travel
1680,Elite Store,Utilities
1681,Elite Mart,Grocery
1682,Metro Fuel,Entertainment
1683,Prime Fuel,Fashion
1684,Urban Cafe,Dining
1685,Elite Mart,Travel
1686,Prime Mart,Dining
1687,Prime Store,Fashion
1688,Metro Fuel,E-commerce
1689,Urban Store,Travel
1690,Elite Cafe,Dining
1691,Urban Hub,Fashion
1692,Quick Store,Healthcare
1693,Metro Mart,Entertainment
1694,Urban Hub,Grocery
1695,Elite Mart,Dining
1696,Elite Cafe,Grocery
1697,Quick Cafe,E-commerce
1698,Metro Fuel,Travel
1699,Metro Hub,Fuel
1700,Urban Hub,Grocery
1701,Quick Hub,Dining
1702,Metro Fuel,Travel
1703,Urban Hub,Fuel
1704,Prime Store,Grocery
1705,Metro Store,Dining
1706,Prime Fuel,Healthcare
1707,Urban Store,Healthcare
1708,Prime Cafe,Healthcare
1709,Metro Mart,E-commerce
1710,Prime Store,Utilities
1711,Quick Store,Travel
1712,Prime Mart,E-commerce
1713,Elite Fuel,Grocery
1714,Metro Cafe,Utilities
1715,Metro Cafe,Healthcare
1716,Prime Fuel,Dining
1717,Metro Cafe,Travel
1718,Metro Cafe,Healthcare
1719,Prime Cafe,Utilities
1720,Urban Cafe,Dining
1721,Elite Store,Utilities
1722,Prime Mart,Fashion
1723,Prime Fuel,Dining
1724,Metro Fuel,Fuel
1725,Prime Store,Grocery
1726,Quick Hub,Utilities
1727,Quick Cafe,Utilities
1728,Quick Mart,Fuel
1729,Metro Cafe,Grocery
1730,Quick Store,E-commerce
1731,Urban Store,Grocery
1732,Metro Cafe,E-commerce
1733,Elite Fuel,Dining
1734,Metro Hub,Electronics
1735,Prime Hub,Fuel
1736,Quick Cafe,Electronics
1737,Prime Store,Dining
1738,Urban Mart,Dining
1739,Urban Fuel,Fashion
1740,Quick Mart,Dining
1741,Prime Cafe,Dining
1742,Elite Fuel,Grocery
1743,Metro Fuel,Fuel
1744,Quick Hub,Dining
1745,Prime Hub,Utilities
1746,Quick Mart,Fashion
1747,Prime Store,Dining
1748,Prime Store,Travel
1749,Elite Cafe,Electronics
1750,Metro Store,Entertainment
1751,Prime Cafe,Fuel
1752,Metro Fuel,Travel
1753,Elite Hub,Fuel
1754,Urban Mart,Utilities
1755,Quick Hub,Travel
1756,Urban Fuel,Entertainment
1757,Metro Hub,Healthcare
1758,Prime Mart,Travel
1759,Metro Fuel,E-commerce
1760,Urban Fuel,Utilities
1761,Metro Cafe,Utilities
1762,Quick Fuel,Electronics
1763,Urban Fuel,Dining
1764,Prime Cafe,Travel
1765,Elite Hub,Entertainment
1766,Elite Hub,Fuel
1767,Prime Fuel,Utilities
1768,Prime Fuel,Grocery
1769,Urban Fuel,Entertainment
1770,Prime Cafe,Fashion
1771,Prime Fuel,Fuel
1772,Prime Cafe,Travel
1773,Urban Store,Fuel
1774,Quick Hub,Travel
1775,Urban Cafe,E-commerce
1776,Prime Mart,Fashion
1777,Quick Store,Travel
1778,Urban Fuel,Fashion
1779,Metro Mart,Utilities
1780,Elite Hub,Grocery
1781,Metro Fuel,Dining
1782,Prime Store,Fuel
1783,Metro Hub,Fuel
1784,Quick Hub,Fashion
1785,Urban Cafe,Travel
1786,Urban Hub,Electronics
1787,Urban Fuel,Entertainment
1788,Elite Mart,Travel
1789,Elite Cafe,Electronics
1790,Urban Hub,Fuel
1791,Metro Cafe,Fashion
1792,Urban Fuel,E-commerce
1793,Elite Mart,Healthcare
1794,Prime Store,Fuel
1795,Quick Mart,E-commerce
1796,Prime Mart,E-commerce
1797,Metro Mart,Dining
1798,Elite Store,Dining
1799,Prime Fuel,Travel
1800,Quick Cafe,Healthcare
1801,Quick Cafe,Dining
1802,Urban Mart,Electronics
1803,Metro Cafe,Travel
1804,Prime Hub,Electronics
1805,Prime Fuel,Entertainment
1806,Metro Fuel,Fashion
1807,Quick Store,Electronics
1808,Prime Store,Grocery
1809,Metro Hub,Fashion
1810,Urban Store,Utilities
1811,Elite Cafe,Utilities
1812,Metro Fuel,Dining
1813,Elite Cafe,Dining
1814,Metro Fuel,Dining
1815,Quick Hub,Fuel
1816,Elite Fuel,Grocery
1817,Prime Mart,E-commerce
1818,Urban Hub,Travel
1819,Prime Fuel,Utilities
1820,Quick Fuel,Entertainment
1821,Elite Store,Healthcare
1822,Metro Cafe,Fashion
1823,Metro Mart,E-commerce
1824,Quick Store,Electronics
1825,Metro Hub,E-commerce
1826,Metro Cafe,Utilities
1827,Quick Store,Electronics
1828,Prime Fuel,Healthcare
1829,Urban Mart,Healthcare
1830,Metro Mart,Utilities
1831,Quick Fuel,Fashion
1832,Quick Cafe,Dining
1833,Elite Hub,Travel
1834,Urban Fuel,Entertainment
1835,Quick Fuel,Electronics
1836,Metro Store,Fashion
1837,Urban Store,Healthcare
1838,Elite Cafe,E-commerce
1839,Urban Hub,Fuel
1840,Quick Hub,Fashion
1841,Quick Cafe,Healthcare
1842,Metro Cafe,Electronics
1843,Metro Cafe,Utilities
1844,Prime Fuel,Utilities
1845,Metro Store,E-commerce
1846,Prime Store,Healthcare
1847,Quick Store,Fashion
1848,Elite Fuel,Fashion
1849,Elite Mart,E-commerce
1850,Urban Mart,Travel
1851,Prime Cafe,Utilities
1852,Quick Fuel,E-commerce
1853,Prime Hub,Fashion
1854,Prime Mart,Fashion
1855,Metro Hub,Fashion
1856,Metro Mart,E-commerce
1857,Prime Mart,Entertainment
1858,Urban Store,Entertainment
1859,Elite Cafe,Utilities
1860,Elite Cafe,Entertainment
1861,Prime Mart,Fashion
1862,Urban Mart,Healthcare
1863,Prime Hub,Grocery
1864,Metro Store,Fuel
1865,Metro Store,Travel
1866,Urban Cafe,Grocery
1867,Metro Cafe,Dining
1868,Quick Fuel,Dining
1869,Quick Store,Travel
1870,Prime Mart,Travel
1871,Urban Store,Grocery
1872,Prime Cafe,Healthcare
1873,Prime Hub,Grocery
1874,Quick Hub,Electronics
1875,Quick Cafe,Entertainment
1876,Metro Mart,Healthcare
1877,Quick Store,Dining
1878,Prime Mart,E-commerce
1879,Urban Fuel,Dining
1880,Prime Hub,Entertainment
1881,Urban Mart,Dining
1882,Elite Mart,Healthcare
1883,Metro Fuel,Travel
1884,Quick Fuel,E-commerce
1885,Metro Hub,Entertainment
1886,Elite Cafe,Travel
1887,Urban Mart,Travel
1888,Urban Hub,Fuel
1889,Prime Cafe,E-commerce
1890,Urban Fuel,Dining
1891,Quick Cafe,Grocery
1892,Metro Mart,Fuel
1893,Prime Hub,Fashion
1894,Metro Fuel,Electronics
1895,Elite Hub,Fuel
1896,Elite Cafe,Fuel
1897,Urban Cafe,Fashion
1898,Urban Cafe,Entertainment
1899,Metro Cafe,Healthcare
1900,Prime Mart,Healthcare
1901,Prime Store,Dining
1902,Prime Store,Electronics
1903,Elite Fuel,Entertainment
1904,Prime Fuel,Fuel
1905,Elite Fuel,Grocery
1906,Prime Store,Utilities
1907,Metro Store,Fashion
1908,Elite Cafe,Fashion
1909,Prime Store,Healthcare
1910,Urban Fuel,Fuel
1911,Elite Mart,Travel
1912,Elite Cafe,Grocery
1913,Prime Hub,E-commerce
1914,Metro Mart,Utilities
1915,Prime Hub,E-commerce
1916,Prime Fuel,Entertainment
1917,Metro Hub,Entertainment
1918,Metro Store,Travel
1919,Elite Store,Utilities
1920,Quick Mart,Dining
1921,Elite Hub,Grocery
1922,Prime Hub,E-commerce
1923,Metro Mart,Dining
1924,Elite Fuel,E-commerce
1925,Urban Mart,Travel
1926,Elite Store,Electronics
1927,Elite Hub,Entertainment
1928,Elite Cafe,Fashion
1929,Urban Store,Healthcare
1930,Elite Fuel,Travel
1931,Elite Hub,Fashion
1932,Prime Hub,Electronics
1933,Prime Fuel,Electronics
1934,Metro Fuel,Electronics
1935,Metro Hub,Entertainment
1936,Metro Store,Healthcare
1937,Quick Hub,Utilities
1938,Quick Hub,E-commerce
1939,Prime Store,Travel
1940,Prime Fuel,Healthcare
1941,Urban Cafe,Electronics
1942,Elite Store,Electronics
1943,Elite Fuel,Electronics
1944,Quick Fuel,E-commerce
1945,Quick Hub,Healthcare
1946,Quick Mart,E-commerce
1947,Quick Store,E-commerce
1948,Quick Hub,Travel
1949,Metro Store,Grocery
1950,Elite Cafe,Entertainment
1951,Quick Fuel,Dining
1952,Metro Hub,Dining
1953,Elite Hub,Grocery
1954,Prime Hub,Electronics
1955,Metro Hub,Fashion
1956,Prime Hub,Fuel
1957,Elite Mart,Electronics
1958,Metro Hub,Travel
1959,Quick Fuel,Dining
1960,Metro Fuel,Healthcare
1961,Prime Fuel,Healthcare
1962,Prime Store,Fashion
1963,Elite Hub,Healthcare
1964,Urban Fuel,E-commerce
1965,Quick Store,Entertainment
1966,Prime Store,Healthcare
1967,Metro Store,Dining
1968,Urban Store,Entertainment
1969,Quick Hub,Fashion
1970,Metro Cafe,Healthcare
1971,Metro Mart,Grocery
1972,Prime Cafe,Utilities
1973,Elite Mart,Healthcare
1974,Elite Store,Dining
1975,Elite Hub,Fuel
1976,Prime Store,Fashion
1977,Quick Mart,Grocery
1978,Urban Mart,Entertainment
1979,Prime Store,Grocery
1980,Metro Mart,Healthcare
1981,Elite Mart,Electronics
1982,Metro Hub,Fashion
1983,Elite Store,Electronics
1984,Metro Hub,E-commerce
1985,Urban Mart,Fashion
1986,Quick Hub,Utilities
1987,Metro Store,Grocery
1988,Elite Mart,Fashion
1989,Quick Store,Grocery
1990,Metro Hub,Travel
1991,Elite Store,E-commerce
1992,Metro Hub,Healthcare
1993,Quick Cafe,Dining
1994,Quick Hub,Fuel
1995,Metro Mart,Utilities
1996,Elite Mart,Travel
1997,Quick Fuel,Entertainment
1998,Quick Mart,E-commerce
1999,Metro Hub,Utilities
2000,Elite Store,Utilities
2001,Quick Fuel,Fashion
2002,Metro Fuel,Grocery
2003,Prime Hub,Healthcare
2004,Urban Cafe,E-commerce
2005,Elite Store,Dining
2006,Elite Fuel,Fuel
2007,Metro Cafe,Utilities
2008,Prime Mart,Utilities
2009,Urban Store,Electronics
2010,Quick Mart,Travel
2011,Quick Hub,Grocery
2012,Urban Fuel,Travel
2013,Quick Cafe,Utilities
2014,Prime Fuel,Fashion
2015,Urban Hub,Fuel
2016,Elite Fuel,Electronics
2017,Prime Hub,Entertainment
2018,Urban Hub,Grocery
2019,Prime Store,Fuel
2020,Elite Store,Utilities
2021,Urban Cafe,Travel
2022,Quick Store,Travel
2023,Quick Cafe,Electronics
2024,Elite Fuel,Electronics
2025,Prime Store,Healthcare
2026,Elite Mart,Grocery
2027,Prime Cafe,Fashion
2028,Elite Fuel,Travel
2029,Quick Hub,Fashion
2030,Metro Hub,Grocery
2031,Prime Hub,Entertainment
2032,Elite Store,Electronics
2033,Urban Store,Grocery
2034,Urban Fuel,Dining
2035,Elite Mart,Electronics
2036,Elite Mart,E-commerce
2037,Prime Store,Fashion
2038,Quick Mart,Entertainment
2039,Urban Store,E-commerce
2040,Metro Hub,Grocery
2041,Urban Cafe,Travel
2042,Quick Mart,Fuel
2043,Elite Cafe,Fashion
2044,Prime Store,Fashion
2045,Quick Fuel,Entertainment
2046,Prime Hub,Entertainment
2047,Quick Store,Fuel
2048,Prime Mart,Utilities
2049,Urban Store,Travel
2050,Metro Fuel,Entertainment
2051,Urban Fuel,E-commerce
2052,Prime Hub,Fashion
2053,Urban Store,Electronics
2054,Elite Fuel,Travel
2055,Quick Fuel,Grocery
2056,Quick Cafe,Fashion
2057,Quick Hub,Utilities
2058,Elite Store,E-commerce
2059,Elite Cafe,Grocery
2060,Prime Mart,Electronics
2061,Quick Cafe,E-commerce
2062,Urban Hub,Travel
2063,Prime Mart,Dining
2064,Urban Mart,Fashion
2065,Urban Store,Electronics
2066,Urban Mart,Dining
2067,Urban Fuel,Fashion
2068,Elite Hub,E-commerce
2069,Metro Hub,Fuel
2070,Metro Store,Travel
2071,Elite Hub,E-commerce
2072,Urban Mart,Fuel
2073,Elite Store,Travel
2074,Quick Fuel,Travel
2075,Elite Store,Electronics
2076,Urban Cafe,Grocery
2077,Prime Mart,Grocery
2078,Elite Fuel,Entertainment
2079,Urban Store,Electronics
2080,Elite Store,Grocery
2081,Prime Fuel,Travel
2082,Elite Mart,Utilities
2083,Urban Fuel,Electronics
2084,Prime Hub,Healthcare
2085,Elite Store,Healthcare
2086,Metro Fuel,Electronics
2087,Urban Store,Fuel
2088,Elite Fuel,Utilities
2089,Elite Hub,Healthcare
2090,Metro Hub,Entertainment
2091,Elite Hub,E-commerce
2092,Urban Cafe,Healthcare
2093,Metro Store,Fashion
2094,Urban Mart,Entertainment
2095,Prime Cafe,Utilities
2096,Elite Cafe,Utilities
2097,Elite Fuel,Dining
2098,Urban Store,Travel
2099,Metro Hub,Healthcare
2100,Urban Fuel,Grocery
2101,Prime Store,Fashion
2102,Elite Hub,Dining
2103,Elite Fuel,Entertainment
2104,Metro Fuel,Fashion
2105,Elite Store,Dining
2106,Quick Store,Healthcare
2107,Prime Cafe,Fashion
2108,Prime Fuel,E-commerce
2109,Urban Store,Fashion
2110,Metro Mart,Travel
2111,Urban Hub,Healthcare
2112,Elite Cafe,Dining
2113,Quick Cafe,Entertainment
2114,Metro Fuel,E-commerce
2115,Quick Store,Travel
2116,Prime Fuel,Dining
2117,Urban Store,Entertainment
2118,Quick Store,Utilities
2119,Prime Hub,Electronics
2120,Elite Store,Fashion
2121,Prime Cafe,Fuel
2122,Quick Fuel,Fashion
2123,Urban Hub,Fuel
2124,Quick Hub,Fashion
2125,Quick Cafe,Entertainment
2126,Prime Cafe,Fashion
2127,Urban Hub,Entertainment
2128,Elite Fuel,Fuel
2129,Quick Fuel,Electronics
2130,Urban Fuel,E-commerce
2131,Elite Cafe,Fuel
2132,Elite Hub,Electronics
2133,Elite Fuel,Electronics
2134,Urban Mart,Dining
2135,Urban Store,Dining
2136,Prime Store,Dining
2137,Elite Fuel,Travel
2138,Elite Hub,Entertainment
2139,Urban Mart,Fuel
2140,Metro Mart,Entertainment
2141,Urban Fuel,Fuel
2142,Urban Hub,Grocery
2143,Quick Store,Electronics
2144,Prime Fuel,Fashion
2145,Quick Store,Utilities
2146,Urban Hub,Fuel
2147,Urban Store,Utilities
2148,Metro Hub,Travel
2149,Quick Fuel,Utilities
2150,Prime Store,Dining
2151,Metro Fuel,Healthcare
2152,Urban Hub,Travel
2153,Prime Store,E-commerce
2154,Quick Fuel,Fuel
2155,Elite Hub,E-commerce
2156,Elite Fuel,Travel
2157,Prime Cafe,Fashion
2158,Urban Cafe,Dining
2159,Quick Fuel,Utilities
2160,Quick Hub,Dining
2161,Quick Fuel,Fuel
2162,Quick Hub,Travel
2163,Metro Cafe,Dining
2164,Quick Hub,Fuel
2165,Elite Cafe,Dining
2166,Metro Fuel,Dining
2167,Metro Fuel,Dining
2168,Metro Mart,Dining
2169,Urban Cafe,Fashion
2170,Urban Mart,Travel
2171,Elite Mart,Fuel
2172,Urban Store,Healthcare
2173,Metro Mart,Healthcare
2174,Urban Store,Fashion
2175,Urban Fuel,E-commerce
2176,Elite Hub,Utilities
2177,Prime Hub,Entertainment
2178,Urban Mart,Fuel
2179,Metro Fuel,Travel
2180,Metro Store,Fuel
2181,Metro Cafe,Entertainment
2182,Prime Store,Healthcare
2183,Prime Fuel,E-commerce
2184,Elite Hub,Fuel
2185,Quick Store,Utilities
2186,Metro Fuel,Entertainment
2187,Metro Cafe,Healthcare
2188,Prime Cafe,Fashion
2189,Metro Fuel,Fashion
2190,Prime Hub,Healthcare
2191,Urban Fuel,Healthcare
2192,Elite Fuel,Electronics
2193,Urban Mart,Travel
2194,Urban Store,Dining
2195,Metro Mart,Healthcare
2196,Urban Mart,Utilities
2197,Metro Store,Dining
2198,Elite Fuel,Dining
2199,Prime Fuel,Grocery
2200,Prime Store,Grocery
2201,Elite Mart,Healthcare
2202,Quick Store,Travel
2203,Metro Hub,Fuel
2204,Metro Fuel,Entertainment
2205,Quick Hub,Electronics
2206,Elite Mart,Dining
2207,Quick Mart,Utilities
2208,Quick Hub,Travel
2209,Metro Store,Entertainment
2210,Quick Cafe,Fuel
2211,Urban Mart,Travel
2212,Metro Hub,Healthcare
2213,Prime Fuel,Travel
2214,Urban Store,Dining
2215,Urban Hub,Healthcare
2216,Elite Store,Dining
2217,Elite Mart,Travel
2218,Metro Store,Fashion
2219,Quick Hub,Utilities
2220,Quick Store,Utilities
2221,Quick Store,Travel
2222,Quick Hub,E-commerce
2223,Metro Store,Utilities
2224,Prime Fuel,Fashion
2225,Elite Cafe,Fuel
2226,Quick Store,Grocery
2227,Urban Fuel,Utilities
2228,Quick Fuel,Dining
2229,Urban Mart,Electronics
2230,Quick Mart,Grocery
2231,Elite Fuel,Fashion
2232,Quick Store,E-commerce
2233,Metro Mart,E-commerce
2234,Elite Mart,Healthcare
2235,Urban Mart,Utilities
2236,Elite Mart,E-commerce
2237,Prime Hub,Electronics
2238,Elite Fuel,Healthcare
2239,Prime Cafe,E-commerce
2240,Prime Fuel,Fuel
2241,Prime Fuel,E-commerce
2242,Elite Hub,Entertainment
2243,Prime Cafe,Utilities
2244,Elite Hub,Healthcare
2245,Elite Fuel,Healthcare
2246,Metro Mart,Dining
2247,Metro Cafe,Grocery
2248,Urban Hub,Entertainment
2249,Elite Store,Utilities
2250,Prime Cafe,Utilities
2251,Quick Cafe,Travel
2252,Urban Fuel,Fashion
2253,Urban Fuel,Healthcare
2254,Prime Cafe,Grocery
2255,Quick Store,Electronics
2256,Elite Fuel,Dining
2257,Elite Hub,Electronics
2258,Urban Fuel,Fuel
2259,Urban Hub,Fashion
2260,Prime Fuel,Travel
2261,Elite Cafe,Utilities
2262,Elite Hub,E-commerce
2263,Elite Hub,Healthcare
2264,Metro Cafe,Entertainment
2265,Metro Cafe,E-commerce
2266,Quick Hub,Dining
2267,Elite Fuel,E-commerce
2268,Quick Cafe,Fuel
2269,Prime Cafe,Travel
2270,Quick Fuel,Fashion
2271,Urban Fuel,Fuel
2272,Elite Cafe,Fuel
2273,Quick Store,Dining
2274,Prime Cafe,Utilities
2275,Quick Cafe,Dining
2276,Metro Store,Travel
2277,Urban Fuel,Dining
2278,Prime Mart,E-commerce
2279,Elite Store,Fuel
2280,Prime Fuel,Travel
2281,Metro Fuel,Grocery
2282,Metro Hub,Grocery
2283,Urban Store,Entertainment
2284,Urban Fuel,Fashion
2285,Elite Hub,Utilities
2286,Metro Store,Entertainment
2287,Metro Hub,Entertainment
2288,Elite Fuel,Travel
2289,Quick Store,Entertainment
2290,Urban Hub,Fashion
2291,Elite Fuel,Fuel
2292,Prime Hub,Electronics
2293,Prime Fuel,Electronics
2294,Metro Cafe,Grocery
2295,Metro Mart,Fashion
2296,Quick Hub,Utilities
2297,Prime Cafe,E-commerce
2298,Elite Mart,Grocery
2299,Metro Hub,Dining
2300,Quick Store,Healthcare
2301,Prime Mart,E-commerce
2302,Urban Store,Healthcare
2303,Urban Store,E-commerce
2304,Elite Mart,Electronics
2305,Metro Cafe,Fashion
2306,Quick Store,Fashion
2307,Urban Fuel,Fashion
2308,Quick Cafe,Electronics
2309,Quick Cafe,E-commerce
2310,Urban Fuel,Entertainment
2311,Metro Cafe,Dining
2312,Urban Mart,E-commerce
2313,Metro Cafe,E-commerce
2314,Metro Cafe,Fashion
2315,Quick Fuel,Entertainment
2316,Urban Fuel,E-commerce
2317,Metro Cafe,Grocery
2318,Prime Cafe,Utilities
2319,Urban Fuel,Travel
2320,Quick Store,Fuel
2321,Elite Fuel,Entertainment
2322,Metro Mart,Dining
2323,Urban Fuel,Electronics
2324,Urban Store,Utilities
2325,Metro Mart,Fashion
2326,Urban Hub,Utilities
2327,Elite Mart,Dining
2328,Metro Store,Travel
2329,Prime Cafe,Utilities
2330,Quick Mart,Utilities
2331,Elite Hub,Dining
2332,Metro Mart,Utilities
2333,Metro Cafe,Dining
2334,Elite Hub,Grocery
2335,Quick Mart,Utilities
2336,Quick Fuel,Grocery
2337,Metro Cafe,E-commerce
2338,Elite Cafe,Utilities
2339,Metro Fuel,Fashion
2340,Metro Mart,Entertainment
2341,Prime Hub,Dining
2342,Elite Fuel,Healthcare
2343,Elite Hub,Dining
2344,Quick Fuel,Grocery
2345,Quick Hub,Grocery
2346,Elite Fuel,Dining
2347,Urban Hub,Entertainment
2348,Quick Fuel,Fuel
2349,Quick Cafe,Fuel
2350,Urban Hub,E-commerce
2351,Quick Store,Entertainment
2352,Quick Fuel,Dining
2353,Metro Fuel,Travel
2354,Urban Store,Electronics
2355,Urban Fuel,Healthcare
2356,Prime Hub,Fuel
2357,Elite Cafe,Electronics
2358,Quick Hub,Travel
2359,Prime Mart,Grocery
2360,Quick Cafe,Fuel
2361,Metro Store,Fuel
2362,Elite Hub,Entertainment
2363,Urban Fuel,Fuel
2364,Metro Mart,Utilities
2365,Elite Hub,Dining
2366,Elite Mart,Fuel
2367,Quick Cafe,Grocery
2368,Prime Store,Fashion
2369,Quick Hub,Fuel
2370,Quick Mart,Fuel
2371,Urban Store,Grocery
2372,Prime Hub,Fashion
2373,Quick Hub,E-commerce
2374,Prime Mart,E-commerce
2375,Elite Hub,Travel
2376,Metro Mart,E-commerce
2377,Urban Fuel,Entertainment
2378,Quick Store,E-commerce
2379,Elite Fuel,Electronics
2380,Metro Fuel,Travel
2381,Urban Mart,Utilities
2382,Quick Cafe,Entertainment
2383,Prime Hub,Grocery
2384,Prime Store,Entertainment
2385,Prime Mart,Healthcare
2386,Prime Hub,Grocery
2387,Metro Fuel,Grocery
2388,Urban Fuel,Fuel
2389,Metro Fuel,Electronics
2390,Prime Hub,Fuel
2391,Metro Hub,Travel
2392,Quick Mart,Travel
2393,Urban Hub,Grocery
2394,Urban Store,Fashion
2395,Metro Hub,Fuel
2396,Metro Cafe,Dining
2397,Prime Hub,Entertainment
2398,Metro Store,Healthcare
2399,Urban Store,Travel
2400,Urban Fuel,Grocery
2401,Elite Store,Dining
2402,Urban Hub,Fashion
2403,Metro Mart,Dining
2404,Quick Cafe,Electronics
2405,Prime Store,E-commerce
2406,Prime Mart,Fuel
2407,Metro Cafe,Electronics
2408,Prime Store,Utilities
2409,Metro Store,Fashion
2410,Urban Hub,Healthcare
2411,Prime Mart,Utilities
2412,Elite Hub,Fashion
2413,Prime Store,Utilities
2414,Metro Cafe,Entertainment
2415,Metro Cafe,Fuel
2416,Urban Cafe,Grocery
2417,Prime Mart,Entertainment
2418,Elite Mart,Utilities
2419,Prime Fuel,Entertainment
2420,Urban Cafe,Fashion
2421,Quick Mart,Fashion
2422,Prime Store,E-commerce
2423,Quick Hub,Fuel
2424,Metro Hub,Dining
2425,Elite Store,Fuel
2426,Prime Hub,Utilities
2427,Elite Mart,Dining
2428,Urban Cafe,Fuel
2429,Prime Cafe,Utilities
2430,Quick Cafe,Utilities
2431,Prime Store,Fuel
2432,Elite Fuel,Utilities
2433,Metro Store,Utilities
2434,Prime Mart,Dining
2435,Quick Mart,Electronics
2436,Elite Fuel,Healthcare
2437,Quick Store,Fuel
2438,Elite Fuel,Grocery
2439,Quick Store,Fashion
2440,Metro Hub,Entertainment
2441,Elite Mart,Utilities
2442,Quick Store,Travel
2443,Metro Hub,Fashion
2444,Prime Fuel,Travel
2445,Urban Fuel,Healthcare
2446,Urban Mart,Fuel
2447,Prime Hub,E-commerce
2448,Urban Mart,Travel
2449,Metro Mart,Utilities
2450,Metro Hub,Entertainment
2451,Quick Cafe,Electronics
2452,Quick Fuel,Electronics
2453,Prime Cafe,Travel
2454,Prime Cafe,Healthcare
2455,Quick Mart,Fashion
2456,Urban Mart,Healthcare
2457,Prime Fuel,Fashion
2458,Elite Hub,Healthcare
2459,Urban Cafe,Utilities
2460,Urban Hub,Entertainment
2461,Urban Hub,E-commerce
2462,Metro Mart,Healthcare
2463,Elite Cafe,Fashion
2464,Prime Hub,Fashion
2465,Quick Hub,Fuel
2466,Quick Hub,Fashion
2467,Urban Store,Utilities
2468,Prime Mart,Dining
2469,Metro Fuel,E-commerce
2470,Urban Mart,Utilities
2471,Quick Cafe,Travel
2472,Metro Cafe,Healthcare
2473,Elite Fuel,Utilities
2474,Quick Fuel,Fashion
2475,Metro Store,E-commerce
2476,Elite Cafe,Grocery
2477,Prime Hub,E-commerce
2478,Urban Store,Grocery
2479,Metro Cafe,Travel
2480,Quick Mart,Travel
2481,Quick Mart,Electronics
2482,Prime Cafe,Travel
2483,Prime Fuel,Travel
2484,Urban Cafe,E-commerce
2485,Urban Cafe,Electronics
2486,Quick Mart,Entertainment
2487,Urban Hub,E-commerce
2488,Urban Mart,Healthcare
2489,Urban Mart,E-commerce
2490,Urban Cafe,Travel
2491,Quick Fuel,Fuel
2492,Quick Cafe,Fashion
2493,Prime Cafe,E-commerce
2494,Quick Cafe,Travel
2495,Elite Mart,Utilities
2496,Quick Mart,Electronics
2497,Urban Store,E-commerce
2498,Quick Fuel,Grocery
2499,Elite Mart,Healthcare
2500,Elite Fuel,Travel
2501,Quick Fuel,Utilities
2502,Metro Mart,Fuel
2503,Metro Fuel,Utilities
2504,Quick Store,Healthcare
2505,Prime Fuel,Electronics
2506,Urban Hub,Utilities
2507,Metro Fuel,E-commerce
2508,Metro Store,Travel
2509,Prime Mart,Fuel
2510,Prime Fuel,Entertainment
2511,Elite Cafe,Fuel
2512,Urban Store,Fashion
2513,Metro Store,Grocery
2514,Metro Cafe,Electronics
2515,Quick Store,E-commerce
2516,Metro Cafe,Fuel
2517,Prime Hub,Electronics
2518,Urban Hub,Travel
2519,Metro Fuel,Electronics
2520,Quick Store,Healthcare
2521,Quick Hub,Travel
2522,Elite Mart,Grocery
2523,Quick Fuel,Utilities
2524,Metro Cafe,Fuel
2525,Quick Cafe,E-commerce
2526,Metro Cafe,Dining
2527,Urban Mart,E-commerce
2528,Prime Cafe,Healthcare
2529,Elite Fuel,E-commerce
2530,Metro Fuel,Fuel
2531,Urban Store,Healthcare
2532,Elite Hub,Healthcare
2533,Metro Mart,Dining
2534,Urban Store,Grocery
2535,Metro Fuel,Entertainment
2536,Elite Fuel,Grocery
2537,Metro Cafe,Dining
2538,Quick Mart,Utilities
2539,Urban Mart,Entertainment
2540,Quick Store,Entertainment
2541,Quick Cafe,Entertainment
2542,Urban Hub,Utilities
2543,Prime Fuel,Grocery
2544,Prime Mart,Travel
2545,Elite Store,Entertainment
2546,Quick Fuel,Travel
2547,Quick Mart,E-commerce
2548,Quick Hub,Entertainment
2549,Quick Hub,Fashion
2550,Prime Hub,Entertainment
2551,Prime Store,E-commerce
2552,Prime Fuel,Travel
2553,Prime Cafe,Healthcare
2554,Quick Mart,Fashion
2555,Prime Cafe,Grocery
2556,Metro Cafe,Healthcare
2557,Metro Mart,Fashion
2558,Metro Cafe,Healthcare
2559,Quick Mart,E-commerce
2560,Urban Cafe,Fashion
2561,Prime Mart,Travel
2562,Prime Cafe,Fuel
2563,Urban Mart,Fuel
2564,Metro Cafe,Fashion
2565,Prime Cafe,Dining
2566,Quick Mart,Electronics
2567,Quick Cafe,Electronics
2568,Urban Mart,Healthcare
2569,Quick Hub,Utilities
2570,Elite Mart,Healthcare
2571,Metro Hub,Fuel
2572,Quick Store,Electronics
2573,Metro Mart,Dining
2574,Quick Hub,E-commerce
2575,Metro Cafe,Electronics
2576,Elite Hub,Entertainment
2577,Quick Cafe,Entertainment
2578,Prime Store,Fuel
2579,Prime Cafe,Utilities
2580,Urban Store,Dining
2581,Prime Mart,Fuel
2582,Metro Hub,Grocery
2583,Elite Fuel,Fashion
2584,Urban Mart,Grocery
2585,Quick Hub,Healthcare
2586,Quick Mart,Healthcare
2587,Quick Store,Electronics
2588,Metro Store,Entertainment
2589,Quick Hub,Electronics
2590,Metro Mart,Electronics
2591,Prime Mart,Entertainment
2592,Metro Cafe,Healthcare
2593,Urban Store,E-commerce
2594,Quick Hub,Electronics
2595,Metro Mart,Dining
2596,Urban Mart,Entertainment
2597,Urban Hub,Electronics
2598,Elite Fuel,Electronics
2599,Quick Cafe,Electronics
2600,Metro Fuel,Entertainment
2601,Metro Store,Entertainment
2602,Urban Fuel,Electronics
2603,Prime Fuel,Healthcare
2604,Prime Cafe,Healthcare
2605,Quick Hub,Entertainment
2606,Urban Store,Electronics
2607,Prime Store,Grocery
2608,Quick Cafe,Grocery
2609,Urban Fuel,Electronics
2610,Quick Hub,Fashion
2611,Elite Mart,Electronics
2612,Prime Mart,Grocery
2613,Quick Hub,Dining
2614,Prime Mart,Grocery
2615,Urban Hub,Fashion
2616,Prime Hub,Fuel
2617,Prime Mart,Travel
2618,Elite Cafe,Utilities
2619,Quick Hub,Entertainment
2620,Quick Store,Electronics
2621,Elite Fuel,Entertainment
2622,Prime Fuel,Travel
2623,Urban Cafe,Healthcare
2624,Urban Hub,Grocery
2625,Quick Hub,Travel
2626,Metro Hub,Fuel
2627,Elite Store,Fuel
2628,Elite Cafe,Dining
2629,Elite Cafe,Dining
2630,Metro Mart,Utilities
2631,Quick Hub,Entertainment
2632,Elite Hub,Fuel
2633,Prime Fuel,Healthcare
2634,Metro Mart,Entertainment
2635,Quick Hub,Travel
2636,Urban Mart,Dining
2637,Metro Mart,Grocery
2638,Quick Cafe,Fashion
2639,Urban Fuel,Utilities
2640,Metro Hub,Entertainment
2641,Metro Cafe,Grocery
2642,Prime Hub,Fashion
2643,Urban Hub,Grocery
2644,Metro Fuel,Grocery
2645,Elite Cafe,Utilities
2646,Elite Mart,Healthcare
2647,Urban Fuel,Entertainment
2648,Prime Mart,Healthcare
2649,Metro Store,Utilities
2650,Elite Mart,Travel
2651,Elite Hub,Fashion
2652,Prime Store,Grocery
2653,Urban Store,Fashion
2654,Elite Fuel,Entertainment
2655,Prime Store,Travel
2656,Prime Store,Electronics
2657,Metro Hub,Grocery
2658,Quick Fuel,Travel
2659,Metro Fuel,Fuel
2660,Metro Hub,Grocery
2661,Urban Fuel,Fashion
2662,Elite Hub,Entertainment
2663,Metro Store,E-commerce
2664,Urban Fuel,Dining
2665,Metro Mart,Fuel
2666,Prime Store,Entertainment
2667,Prime Store,E-commerce
2668,Elite Fuel,Travel
2669,Prime Hub,Dining
2670,Elite Store,Fashion
2671,Prime Cafe,Fashion
2672,Quick Mart,Travel
2673,Prime Store,Fuel
2674,Prime Mart,Fashion
2675,Quick Hub,Electronics
2676,Metro Fuel,Fashion
2677,Urban Fuel,Entertainment
2678,Urban Store,Fuel
2679,Quick Mart,Grocery
2680,Urban Hub,E-commerce
2681,Quick Cafe,Entertainment
2682,Quick Fuel,Dining
2683,Urban Hub,E-commerce
2684,Quick Hub,Grocery
2685,Quick Cafe,Utilities
2686,Metro Store,Fuel
2687,Quick Mart,Fashion
2688,Metro Fuel,Healthcare
2689,Elite Hub,Grocery
2690,Quick Fuel,Travel
2691,Urban Fuel,E-commerce
2692,Prime Mart,Healthcare
2693,Prime Mart,Electronics
2694,Elite Hub,Grocery
2695,Quick Mart,E-commerce
2696,Elite Hub,Entertainment
2697,Prime Cafe,Grocery
2698,Prime Fuel,E-commerce
2699,Prime Store,Healthcare
2700,Metro Fuel,Entertainment
2701,Quick Mart,Utilities
2702,Quick Cafe,Grocery
2703,Elite Store,Utilities
2704,Urban Mart,Grocery
2705,Metro Store,Fashion
2706,Metro Mart,Grocery
2707,Quick Hub,E-commerce
2708,Elite Hub,Grocery
2709,Metro Hub,Healthcare
2710,Elite Mart,Fashion
2711,Metro Mart,Grocery
2712,Urban Store,Grocery
2713,Elite Store,Travel
2714,Prime Mart,Dining
2715,Elite Cafe,Electronics
2716,Prime Store,Grocery
2717,Quick Store,Fuel
2718,Metro Cafe,Electronics
2719,Urban Mart,Travel
2720,Quick Cafe,Fuel
2721,Elite Fuel,Dining
2722,Quick Hub,Fashion
2723,Elite Mart,Entertainment
2724,Metro Store,Utilities
2725,Metro Hub,E-commerce
2726,Elite Mart,Travel
2727,Quick Cafe,Travel
2728,Prime Mart,E-commerce
2729,Quick Hub,Entertainment
2730,Elite Hub,Travel
2731,Quick Cafe,Travel
2732,Elite Fuel,Travel
2733,Elite Mart,Travel
2734,Prime Cafe,Grocery
2735,Prime Cafe,Grocery
2736,Quick Fuel,Fuel
2737,Quick Mart,Electronics
2738,Prime Mart,Grocery
2739,Quick Cafe,E-commerce
2740,Quick Mart,Utilities
2741,Metro Cafe,Grocery
2742,Quick Fuel,Entertainment
2743,Metro Fuel,Electronics
2744,Elite Store,E-commerce
2745,Prime Store,Dining
2746,Elite Fuel,Fuel
2747,Quick Mart,Fashion
2748,Elite Store,Fuel
2749,Quick Store,Fuel
2750,Quick Fuel,Entertainment
2751,Prime Mart,Dining
2752,Quick Store,E-commerce
2753,Prime Hub,Travel
2754,Elite Mart,Dining
2755,Metro Store,Dining
2756,Prime Cafe,Utilities
2757,Urban Hub,Utilities
2758,Prime Mart,Healthcare
2759,Metro Fuel,Dining
2760,Quick Hub,Fashion
2761,Quick Store,Fashion
2762,Metro Store,Fashion
2763,Metro Store,Electronics
2764,Metro Store,Travel
2765,Metro Cafe,Electronics
2766,Quick Mart,Healthcare
2767,Quick Fuel,Entertainment
2768,Metro Store,Utilities
2769,Metro Cafe,Electronics
2770,Metro Hub,Travel
2771,Quick Hub,Travel
2772,Elite Fuel,Grocery
2773,Urban Fuel,Healthcare
2774,Prime Cafe,Utilities
2775,Elite Fuel,Fuel
2776,Quick Hub,Dining
2777,Quick Cafe,Healthcare
2778,Metro Hub,Fuel
2779,Metro Mart,Electronics
2780,Urban Store,Dining
2781,Prime Hub,Travel
2782,Elite Cafe,Entertainment
2783,Quick Fuel,Electronics
2784,Urban Cafe,Utilities
2785,Prime Mart,Travel
2786,Prime Fuel,Grocery
2787,Elite Cafe,E-commerce
2788,Metro Cafe,Entertainment
2789,Metro Fuel,Utilities
2790,Prime Fuel,E-commerce
2791,Prime Hub,E-commerce
2792,Prime Store,Entertainment
2793,Metro Store,Dining
2794,Quick Fuel,Grocery
2795,Elite Cafe,Dining
2796,Elite Fuel,Dining
2797,Elite Hub,Fuel
2798,Urban Mart,Fashion
2799,Urban Store,Electronics
2800,Urban Store,Utilities
2801,Prime Store,E-commerce
2802,Elite Fuel,Fuel
2803,Quick Store,Dining
2804,Elite Hub,Travel
2805,Elite Store,Healthcare
2806,Quick Mart,E-commerce
2807,Urban Hub,Utilities
2808,Prime Hub,Grocery
2809,Quick Hub,Fuel
2810,Urban Fuel,E-commerce
2811,Prime Hub,Utilities
2812,Quick Store,Grocery
2813,Elite Cafe,Travel
2814,Quick Mart,Dining
2815,Urban Mart,Fuel
2816,Quick Store,Travel
2817,Prime Store,Travel
2818,Urban Fuel,Fuel
2819,Urban Cafe,Utilities
2820,Urban Mart,Fuel
2821,Quick Mart,Dining
2822,Quick Store,Utilities
2823,Prime Cafe,Electronics
2824,Urban Cafe,E-commerce
2825,Metro Mart,Utilities
2826,Prime Fuel,Fashion
2827,Urban Mart,Fashion
2828,Urban Hub,Entertainment
2829,Urban Hub,Dining
2830,Urban Cafe,Electronics
2831,Metro Hub,Travel
2832,Urban Store,Travel
2833,Elite Fuel,Fashion
2834,Urban Store,Dining
2835,Quick Hub,Fuel
2836,Urban Fuel,E-commerce
2837,Urban Fuel,Fuel
2838,Urban Hub,Electronics
2839,Quick Store,Fashion
2840,Quick Mart,Utilities
2841,Prime Hub,Electronics
2842,Elite Mart,Dining
2843,Quick Hub,Healthcare
2844,Urban Store,Grocery
2845,Elite Cafe,Electronics
2846,Urban Hub,Electronics
2847,Metro Store,E-commerce
2848,Elite Fuel,Fuel
2849,Metro Cafe,Grocery
2850,Metro Cafe,Travel
2851,Urban Store,Electronics
2852,Elite Store,Fuel
2853,Elite Fuel,Travel
2854,Metro Mart,E-commerce
2855,Urban Mart,Dining
2856,Prime Store,Travel
2857,Urban Fuel,Electronics
2858,Quick Hub,Fuel
2859,Elite Hub,Utilities
2860,Prime Fuel,Grocery
2861,Metro Cafe,Fashion
2862,Metro Hub,E-commerce
2863,Urban Fuel,Healthcare
2864,Urban Fuel,Travel
2865,Elite Fuel,Fashion
2866,Elite Mart,Fashion
2867,Metro Hub,Entertainment
2868,Metro Hub,Electronics
2869,Prime Mart,Travel
2870,Metro Mart,Dining
2871,Prime Hub,Dining
2872,Quick Cafe,Travel
2873,Quick Mart,Entertainment
2874,Urban Store,Entertainment
2875,Metro Hub,Electronics
2876,Metro Hub,E-commerce
2877,Prime Store,Dining
2878,Urban Mart,Healthcare
2879,Quick Fuel,Utilities
2880,Urban Cafe,Grocery
2881,Prime Fuel,Travel
2882,Prime Store,Healthcare
2883,Prime Mart,Fashion
2884,Quick Mart,Fuel
2885,Quick Hub,E-commerce
2886,Elite Hub,Entertainment
2887,Urban Hub,Utilities
2888,Elite Fuel,Grocery
2889,Metro Store,Dining
2890,Prime Cafe,Utilities
2891,Metro Hub,Fashion
2892,Quick Fuel,Healthcare
2893,Prime Fuel,Grocery
2894,Metro Mart,Fuel
2895,Urban Store,E-commerce
2896,Quick Cafe,Travel
2897,Metro Mart,Grocery
2898,Prime Fuel,E-commerce
2899,Quick Store,Grocery
2900,Metro Fuel,Healthcare
2901,Elite Hub,Entertainment
2902,Quick Mart,Entertainment
2903,Urban Store,E-commerce
2904,Elite Mart,Fuel
2905,Elite Fuel,Entertainment
2906,Elite Cafe,Entertainment
2907,Quick Mart,Entertainment
2908,Urban Hub,Fuel
2909,Prime Fuel,Electronics
2910,Metro Store,Electronics
2911,Prime Fuel,Travel
2912,Metro Mart,Fashion
2913,Quick Hub,Dining
2914,Urban Mart,Electronics
2915,Metro Hub,Utilities
2916,Urban Mart,Entertainment
2917,Elite Cafe,Grocery
2918,Urban Cafe,Entertainment
2919,Quick Fuel,Travel
2920,Urban Mart,Grocery
2921,Urban Cafe,Travel
2922,Urban Hub,Travel
2923,Elite Fuel,Fashion
2924,Urban Fuel,Utilities
2925,Quick Fuel,Travel
2926,Elite Fuel,Utilities
2927,Prime Cafe,Fashion
2928,Prime Store,Entertainment
2929,Metro Hub,Fuel
2930,Urban Store,Fashion
2931,Prime Store,Fuel
2932,Metro Hub,Fashion
2933,Elite Hub,Grocery
2934,Urban Store,Healthcare
2935,Prime Hub,Entertainment
2936,Quick Cafe,Fuel
2937,Urban Hub,Healthcare
2938,Elite Cafe,Dining
2939,Quick Cafe,Grocery
2940,Metro Fuel,Grocery
2941,Metro Cafe,Travel
2942,Urban Cafe,Fuel
2943,Urban Cafe,Healthcare
2944,Metro Hub,Entertainment
2945,Prime Cafe,Utilities
2946,Urban Fuel,Fashion
2947,Elite Cafe,Fashion
2948,Urban Cafe,Fuel
2949,Metro Cafe,Dining
2950,Metro Cafe,Utilities
2951,Prime Cafe,Grocery
2952,Elite Fuel,Grocery
2953,Elite Fuel,Fashion
2954,Quick Fuel,E-commerce
2955,Prime Store,Electronics
2956,Elite Mart,Utilities
2957,Urban Hub,Healthcare
2958,Metro Mart,Grocery
2959,Quick Cafe,Dining
2960,Prime Store,Travel
2961,Quick Store,E-commerce
2962,Metro Fuel,Dining
2963,Metro Hub,Utilities
2964,Urban Fuel,Grocery
2965,Prime Fuel,Fashion
2966,Prime Cafe,Travel
2967,Prime Fuel,Grocery
2968,Quick Store,Fashion
2969,Prime Fuel,Fuel
2970,Elite Fuel,Grocery
2971,Urban Hub,Fuel
2972,Quick Hub,Travel
2973,Metro Fuel,E-commerce
2974,Metro Fuel,Fashion
2975,Urban Store,Healthcare
2976,Prime Hub,Healthcare
2977,Elite Store,Dining
2978,Urban Mart,Travel
2979,Quick Mart,Healthcare
2980,Urban Mart,Travel
2981,Prime Store,E-commerce
2982,Quick Store,Fashion
2983,Metro Cafe,Healthcare
2984,Quick Cafe,Healthcare
2985,Prime Mart,Fashion
2986,Urban Mart,Entertainment
2987,Elite Fuel,Dining
2988,Prime Store,Electronics
2989,Prime Hub,Healthcare
2990,Prime Hub,Utilities
2991,Prime Mart,Utilities
2992,Elite Hub,Grocery
2993,Prime Cafe,Utilities
2994,Metro Fuel,E-commerce
2995,Elite Mart,Utilities
2996,Quick Mart,Fashion
2997,Quick Fuel,Travel
2998,Urban Fuel,Travel
2999,Prime Fuel,Healthcare
3000,Quick Hub,Fuel
3001,Urban Mart,Dining
3002,Urban Fuel,Dining
3003,Quick Fuel,Grocery
3004,Quick Cafe,E-commerce
3005,Metro Mart,Travel
3006,Quick Hub,Dining
3007,Prime Hub,Entertainment
3008,Urban Mart,Healthcare
3009,Quick Store,Fashion
3010,Urban Hub,Electronics
3011,Prime Mart,Fashion
3012,Metro Hub,Fashion
3013,Urban Store,Healthcare
3014,Quick Hub,Fuel
3015,Prime Hub,Travel
3016,Prime Cafe,Entertainment
3017,Elite Fuel,E-commerce
3018,Urban Cafe,Grocery
3019,Elite Hub,E-commerce
3020,Prime Fuel,Electronics
3021,Quick Cafe,Grocery
3022,Urban Store,Fuel
3023,Metro Store,Grocery
3024,Quick Mart,Dining
3025,Prime Fuel,Electronics
3026,Quick Cafe,Entertainment
3027,Metro Mart,Healthcare
3028,Quick Store,Grocery
3029,Metro Store,Utilities
3030,Elite Store,Healthcare
3031,Quick Hub,Electronics
3032,Prime Fuel,Entertainment
3033,Urban Cafe,Fuel
3034,Elite Fuel,E-commerce
3035,Prime Hub,Dining
3036,Urban Hub,Grocery
3037,Quick Fuel,Fashion
3038,Quick Cafe,Travel
3039,Metro Fuel,Healthcare
3040,Quick Hub,Entertainment
3041,Urban Cafe,Grocery
3042,Prime Store,Fuel
3043,Metro Fuel,Electronics
3044,Elite Cafe,Entertainment
3045,Prime Store,Entertainment
3046,Urban Fuel,Electronics
3047,Elite Mart,Grocery
3048,Prime Mart,Utilities
3049,Metro Cafe,Grocery
3050,Metro Mart,Healthcare
3051,Quick Fuel,Dining
3052,Metro Fuel,Utilities
3053,Elite Mart,Entertainment
3054,Elite Store,Fuel
3055,Metro Fuel,Healthcare
3056,Metro Store,Healthcare
3057,Metro Fuel,Utilities
3058,Quick Hub,E-commerce
3059,Quick Cafe,Dining
3060,Quick Hub,E-commerce
3061,Metro Hub,Utilities
3062,Metro Mart,Electronics
3063,Metro Hub,Grocery
3064,Metro Cafe,Electronics
3065,Urban Mart,Dining
3066,Urban Fuel,Travel
3067,Urban Store,Utilities
3068,Metro Hub,Utilities
3069,Prime Fuel,Healthcare
3070,Quick Fuel,Travel
3071,Prime Cafe,Grocery
3072,Urban Store,Healthcare
3073,Prime Cafe,Grocery
3074,Quick Mart,Grocery
3075,Prime Mart,Entertainment
3076,Metro Cafe,Healthcare
3077,Metro Fuel,Fashion
3078,Quick Mart,Healthcare
3079,Metro Store,Grocery
3080,Metro Store,Travel
3081,Elite Cafe,Healthcare
3082,Elite Mart,Dining
3083,Quick Fuel,Travel
3084,Prime Fuel,Utilities
3085,Urban Fuel,Fashion
3086,Metro Store,Utilities
3087,Prime Fuel,Fuel
3088,Urban Hub,E-commerce
3089,Prime Mart,Dining
3090,Elite Hub,E-commerce
3091,Elite Hub,Electronics
3092,Quick Hub,Utilities
3093,Quick Fuel,Travel
3094,Prime Hub,Utilities
3095,Quick Cafe,Entertainment
3096,Urban Cafe,Travel
3097,Metro Cafe,Healthcare
3098,Metro Hub,Entertainment
3099,Prime Hub,Entertainment
3100,Metro Fuel,Fuel
3101,Quick Hub,Fuel
3102,Prime Fuel,Dining
3103,Urban Mart,Fuel
3104,Elite Fuel,Fashion
3105,Metro Store,E-commerce
3106,Urban Mart,Travel
3107,Urban Cafe,E-commerce
3108,Metro Cafe,E-commerce
3109,Elite Store,Healthcare
3110,Quick Hub,Fuel
3111,Metro Cafe,Utilities
3112,Elite Mart,Fuel
3113,Prime Fuel,Utilities
3114,Metro Mart,E-commerce
3115,Elite Fuel,Entertainment
3116,Quick Fuel,Utilities
3117,Quick Cafe,E-commerce
3118,Quick Store,Grocery
3119,Prime Mart,Grocery
3120,Urban Mart,Fashion
3121,Metro Mart,Fuel
3122,Elite Cafe,Dining
3123,Quick Mart,Travel
3124,Elite Hub,Utilities
3125,Elite Fuel,Fashion
3126,Prime Cafe,Grocery
3127,Urban Mart,Healthcare
3128,Metro Fuel,Healthcare
3129,Elite Fuel,Electronics
3130,Urban Cafe,Grocery
3131,Prime Cafe,Healthcare
3132,Urban Store,Entertainment
3133,Urban Cafe,Travel
3134,Urban Cafe,Entertainment
3135,Prime Fuel,Fashion
3136,Prime Hub,Travel
3137,Quick Store,Dining
3138,Quick Cafe,Fashion
3139,Urban Mart,Fuel
3140,Metro Hub,Grocery
3141,Urban Store,Fashion
3142,Urban Fuel,Utilities
3143,Urban Mart,Utilities
3144,Prime Fuel,E-commerce
3145,Quick Fuel,Electronics
3146,Prime Hub,Fuel
3147,Urban Mart,Fashion
3148,Urban Mart,Utilities
3149,Quick Store,Dining
3150,Elite Store,Fashion
3151,Metro Hub,Entertainment
3152,Metro Hub,Entertainment
3153,Prime Mart,Entertainment
3154,Quick Store,Entertainment
3155,Quick Fuel,E-commerce
3156,Quick Hub,Entertainment
3157,Elite Hub,Grocery
3158,Prime Cafe,Grocery
3159,Elite Store,Fashion
3160,Urban Fuel,Dining
3161,Urban Hub,Dining
3162,Prime Fuel,Travel
3163,Prime Cafe,Entertainment
3164,Prime Fuel,Entertainment
3165,Quick Store,Grocery
3166,Quick Fuel,Electronics
3167,Quick Mart,E-commerce
3168,Urban Fuel,Entertainment
3169,Quick Store,Travel
3170,Quick Cafe,Entertainment
3171,Elite Hub,Fashion
3172,Metro Store,Dining
3173,Metro Cafe,Entertainment
3174,Metro Store,Electronics
3175,Quick Store,Grocery
3176,Quick Mart,Utilities
3177,Urban Cafe,Fuel
3178,Quick Store,E-commerce
3179,Metro Cafe,Fashion
3180,Prime Fuel,Electronics
3181,Elite Fuel,Fashion
3182,Urban Hub,Healthcare
3183,Metro Fuel,Fuel
3184,Elite Hub,E-commerce
3185,Quick Fuel,Healthcare
3186,Prime Store,Fashion
3187,Elite Store,Grocery
3188,Prime Cafe,Utilities
3189,Urban Cafe,Fashion
3190,Prime Hub,Grocery
3191,Metro Cafe,Fuel
3192,Elite Fuel,E-commerce
3193,Prime Fuel,Electronics
3194,Quick Fuel,Fuel
3195,Metro Store,Grocery
3196,Prime Mart,Fuel
3197,Prime Fuel,E-commerce
3198,Prime Fuel,Entertainment
3199,Urban Fuel,Utilities
3200,Elite Fuel,Fuel
3201,Urban Cafe,Healthcare
3202,Prime Fuel,Dining
3203,Quick Store,Electronics
3204,Urban Store,Entertainment
3205,Prime Store,Grocery
3206,Quick Store,Fashion
3207,Prime Mart,Healthcare
3208,Prime Cafe,Entertainment
3209,Prime Cafe,Electronics
3210,Metro Store,Grocery
3211,Metro Mart,Fuel
3212,Urban Fuel,Electronics
3213,Quick Store,Healthcare
3214,Elite Fuel,Entertainment
3215,Metro Store,Dining
3216,Urban Cafe,Grocery
3217,Quick Cafe,Fashion
3218,Elite Hub,Utilities
3219,Elite Mart,Utilities
3220,Urban Fuel,Fashion
3221,Elite Hub,Electronics
3222,Quick Store,Grocery
3223,Metro Hub,Grocery
3224,Urban Fuel,E-commerce
3225,Metro Store,Fuel
3226,Quick Mart,Healthcare
3227,Prime Hub,Grocery
3228,Quick Hub,Grocery
3229,Metro Cafe,Utilities
3230,Metro Store,Fashion
3231,Prime Cafe,Fashion
3232,Prime Fuel,Travel
3233,Prime Mart,Grocery
3234,Elite Fuel,Grocery
3235,Urban Hub,Entertainment
3236,Prime Fuel,Utilities
3237,Elite Mart,Utilities
3238,Quick Cafe,Entertainment
3239,Quick Hub,Travel
3240,Urban Mart,Utilities
3241,Urban Store,Fuel
3242,Metro Hub,Dining
3243,Quick Fuel,Grocery
3244,Prime Cafe,Utilities
3245,Prime Cafe,Fuel
3246,Metro Mart,Dining
3247,Quick Mart,E-commerce
3248,Metro Store,E-commerce
3249,Elite Cafe,Fashion
3250,Elite Mart,Electronics
3251,Quick Hub,Healthcare
3252,Quick Mart,Dining
3253,Metro Cafe,Fashion
3254,Elite Mart,Electronics
3255,Urban Fuel,Healthcare
3256,Elite Fuel,Healthcare
3257,Quick Fuel,Grocery
3258,Elite Mart,Grocery
3259,Urban Store,Fuel
3260,Elite Hub,Healthcare
3261,Quick Cafe,Dining
3262,Metro Mart,Grocery
3263,Quick Hub,Utilities
3264,Metro Mart,Travel
3265,Prime Store,Healthcare
3266,Urban Store,Dining
3267,Metro Store,Healthcare
3268,Metro Hub,Entertainment
3269,Urban Cafe,Travel
3270,Urban Hub,Electronics
3271,Urban Mart,E-commerce
3272,Quick Hub,Travel
3273,Urban Mart,Utilities
3274,Elite Hub,Electronics
3275,Elite Store,Dining
3276,Quick Mart,Utilities
3277,Elite Mart,Healthcare
3278,Urban Mart,Grocery
3279,Prime Mart,Fashion
3280,Prime Hub,Electronics
3281,Quick Hub,Electronics
3282,Prime Hub,Healthcare
3283,Quick Store,Grocery
3284,Prime Cafe,E-commerce
3285,Urban Hub,Travel
3286,Prime Fuel,Utilities
3287,Elite Fuel,E-commerce
3288,Metro Mart,Fashion
3289,Urban Mart,Grocery
3290,Prime Cafe,E-commerce
3291,Quick Cafe,Fuel
3292,Quick Store,Fashion
3293,Urban Cafe,Grocery
3294,Elite Hub,Grocery
3295,Prime Cafe,Entertainment
3296,Urban Hub,E-commerce
3297,Quick Hub,Travel
3298,Metro Mart,Electronics
3299,Prime Mart,Grocery
3300,Metro Cafe,E-commerce
3301,Prime Store,Entertainment
3302,Quick Cafe,Utilities
3303,Metro Mart,Travel
3304,Quick Mart,Entertainment
3305,Metro Store,Dining
3306,Urban Fuel,Entertainment
3307,Urban Hub,Utilities
3308,Urban Cafe,Grocery
3309,Quick Fuel,Travel
3310,Metro Store,Grocery
3311,Prime Mart,E-commerce
3312,Urban Hub,E-commerce
3313,Metro Hub,Fashion
3314,Metro Hub,Grocery
3315,Urban Hub,Dining
3316,Quick Hub,E-commerce
3317,Urban Fuel,Dining
3318,Metro Hub,Travel
3319,Metro Cafe,Dining
3320,Elite Fuel,Utilities
3321,Quick Fuel,Fashion
3322,Quick Hub,Grocery
3323,Prime Cafe,Utilities
3324,Prime Cafe,E-commerce
3325,Prime Store,Entertainment
3326,Quick Mart,Entertainment
3327,Prime Mart,Fuel
3328,Quick Cafe,Healthcare
3329,Elite Cafe,Dining
3330,Metro Store,Travel
3331,Prime Hub,Entertainment
3332,Quick Store,Electronics
3333,Prime Cafe,Electronics
3334,Elite Mart,Fuel
3335,Elite Hub,Fashion
3336,Prime Mart,Utilities
3337,Quick Mart,Grocery
3338,Metro Hub,Utilities
3339,Quick Mart,Dining
3340,Urban Hub,E-commerce
3341,Prime Cafe,Dining
3342,Urban Cafe,Electronics
3343,Quick Cafe,Healthcare
3344,Prime Cafe,Utilities
3345,Quick Cafe,Grocery
3346,Elite Hub,Utilities
3347,Urban Mart,Entertainment
3348,Elite Mart,E-commerce
3349,Prime Hub,Electronics
3350,Prime Store,Utilities
3351,Quick Fuel,Travel
3352,Elite Mart,E-commerce
3353,Quick Hub,Fuel
3354,Prime Cafe,E-commerce
3355,Urban Store,Entertainment
3356,Elite Mart,Grocery
3357,Prime Store,Entertainment
3358,Urban Mart,Utilities
3359,Urban Store,Travel
3360,Prime Hub,Healthcare
3361,Quick Store,Utilities
3362,Urban Cafe,Entertainment
3363,Prime Store,Utilities
3364,Urban Store,E-commerce
3365,Urban Cafe,Fuel
3366,Quick Store,Utilities
3367,Metro Cafe,Travel
3368,Urban Mart,Fuel
3369,Elite Fuel,Dining
3370,Metro Store,Utilities
3371,Urban Fuel,Entertainment
3372,Urban Mart,Healthcare
3373,Urban Fuel,Dining
3374,Urban Fuel,Fashion
3375,Prime Store,Electronics
3376,Urban Hub,Utilities
3377,Metro Hub,Travel
3378,Elite Fuel,Entertainment
3379,Prime Fuel,Grocery
3380,Urban Cafe,Healthcare
3381,Elite Cafe,E-commerce
3382,Elite Cafe,Healthcare
3383,Quick Mart,E-commerce
3384,Elite Fuel,Utilities
3385,Urban Fuel,E-commerce
3386,Elite Cafe,Electronics
3387,Urban Hub,Travel
3388,Prime Fuel,Fashion
3389,Prime Cafe,Healthcare
3390,Metro Hub,Dining
3391,Prime Fuel,Travel
3392,Quick Fuel,Healthcare
3393,Elite Fuel,Entertainment
3394,Prime Store,Fuel
3395,Urban Hub,Healthcare
3396,Prime Cafe,E-commerce
3397,Metro Hub,Electronics
3398,Urban Mart,Healthcare
3399,Prime Store,Grocery
3400,Quick Fuel,Fashion
3401,Metro Cafe,Dining
3402,Urban Fuel,Fuel
3403,Quick Fuel,Entertainment
3404,Urban Fuel,E-commerce
3405,Metro Cafe,Dining
3406,Urban Cafe,Fuel
3407,Quick Store,Fashion
3408,Quick Mart,Electronics
3409,Urban Fuel,E-commerce
3410,Elite Mart,E-commerce
3411,Quick Fuel,Electronics
3412,Urban Hub,E-commerce
3413,Prime Store,Fashion
3414,Elite Fuel,Fuel
3415,Elite Mart,E-commerce
3416,Quick Fuel,Fashion
3417,Elite Hub,Healthcare
3418,Prime Store,Utilities
3419,Elite Hub,Fuel
3420,Metro Cafe,E-commerce
3421,Prime Cafe,Dining
3422,Metro Mart,Travel
3423,Urban Mart,E-commerce
3424,Urban Store,Electronics
3425,Quick Fuel,Dining
3426,Elite Hub,Travel
3427,Elite Store,E-commerce
3428,Elite Fuel,Entertainment
3429,Elite Hub,Electronics
3430,Prime Store,Grocery
3431,Urban Store,Healthcare
3432,Elite Mart,Fashion
3433,Elite Cafe,Dining
3434,Prime Hub,Fuel
3435,Elite Cafe,Dining
3436,Urban Hub,Fashion
3437,Prime Store,Fashion
3438,Quick Fuel,Fashion
3439,Prime Fuel,Fashion
3440,Prime Fuel,Dining
3441,Elite Store,Utilities
3442,Urban Mart,Healthcare
3443,Metro Mart,Travel
3444,Metro Hub,Utilities
3445,Prime Mart,E-commerce
3446,Prime Store,Travel
3447,Quick Cafe,Dining
3448,Elite Cafe,Fuel
3449,Quick Cafe,Grocery
3450,Prime Mart,Electronics
3451,Metro Mart,E-commerce
3452,Elite Cafe,Dining
3453,Metro Hub,Entertainment
3454,Urban Mart,E-commerce
3455,Metro Store,Utilities
3456,Urban Hub,Healthcare
3457,Urban Store,Fuel
3458,Elite Cafe,Fuel
3459,Quick Cafe,Dining
3460,Quick Fuel,Healthcare
3461,Metro Hub,Grocery
3462,Prime Hub,Travel
3463,Metro Store,Utilities
3464,Elite Fuel,Healthcare
3465,Elite Store,Utilities
3466,Quick Fuel,Fuel
3467,Prime Fuel,Utilities
3468,Metro Hub,Travel
3469,Urban Mart,Electronics
3470,Metro Fuel,Fashion
3471,Urban Mart,Grocery
3472,Metro Hub,Healthcare
3473,Metro Hub,Dining
3474,Prime Fuel,Grocery
3475,Prime Mart,Fuel
3476,Prime Store,Entertainment
3477,Elite Store,Grocery
3478,Urban Store,Utilities
3479,Urban Hub,Fuel
3480,Metro Store,Grocery
3481,Urban Hub,Fuel
3482,Prime Hub,Grocery
3483,Metro Mart,Grocery
3484,Urban Hub,Travel
3485,Prime Store,Entertainment
3486,Elite Hub,Travel
3487,Elite Store,Fuel
3488,Prime Cafe,E-commerce
3489,Prime Hub,Fashion
3490,Urban Store,Dining
3491,Quick Hub,Travel
3492,Metro Hub,Fashion
3493,Urban Store,Electronics
3494,Elite Hub,Fashion
3495,Elite Fuel,Entertainment
3496,Urban Store,E-commerce
3497,Metro Cafe,Fashion
3498,Metro Mart,Fuel
3499,Prime Fuel,Fuel
3500,Elite Hub,Electronics
3501,Quick Hub,Grocery
3502,Quick Cafe,Dining
3503,Elite Hub,Travel
3504,Prime Store,Electronics
3505,Quick Store,Entertainment
3506,Prime Mart,Grocery
3507,Elite Store,Dining
3508,Urban Hub,Utilities
3509,Urban Cafe,Entertainment
3510,Elite Mart,E-commerce
3511,Quick Store,Travel
3512,Quick Hub,Dining
3513,Elite Cafe,Travel
3514,Quick Fuel,Utilities
3515,Urban Mart,Electronics
3516,Quick Fuel,Fashion
3517,Metro Cafe,E-commerce
3518,Elite Fuel,Fashion
3519,Elite Cafe,Travel
3520,Metro Fuel,Entertainment
3521,Elite Cafe,Healthcare
3522,Metro Store,Entertainment
3523,Prime Hub,Fuel
3524,Prime Fuel,E-commerce
3525,Elite Cafe,Electronics
3526,Quick Store,Fuel
3527,Elite Mart,Travel
3528,Elite Mart,Utilities
3529,Elite Store,Grocery
3530,Quick Store,Utilities
3531,Metro Cafe,Fashion
3532,Prime Cafe,Utilities
3533,Quick Mart,Fashion
3534,Urban Cafe,Fashion
3535,Metro Store,Entertainment
3536,Elite Cafe,Travel
3537,Metro Mart,Fashion
3538,Quick Store,Healthcare
3539,Elite Fuel,Utilities
3540,Quick Fuel,Utilities
3541,Elite Hub,Travel
3542,Metro Fuel,Travel
3543,Metro Fuel,Fashion
3544,Urban Fuel,Grocery
3545,Prime Hub,Utilities
3546,Prime Cafe,Dining
3547,Prime Hub,Healthcare
3548,Elite Fuel,Electronics
3549,Elite Fuel,Entertainment
3550,Metro Mart,Fuel
3551,Metro Hub,Utilities
3552,Elite Mart,Entertainment
3553,Elite Fuel,Fashion
3554,Metro Hub,Fuel
3555,Urban Mart,Travel
3556,Urban Store,Dining
3557,Quick Hub,Dining
3558,Prime Cafe,Travel
3559,Quick Store,Dining
3560,Metro Hub,Grocery
3561,Elite Mart,Electronics
3562,Prime Store,Electronics
3563,Elite Fuel,Fashion
3564,Quick Hub,Dining
3565,Prime Cafe,Electronics
3566,Elite Mart,Dining
3567,Prime Hub,Grocery
3568,Prime Hub,Dining
3569,Urban Fuel,Travel
3570,Quick Mart,Utilities
3571,Quick Mart,E-commerce
3572,Quick Fuel,Travel
3573,Prime Mart,Fashion
3574,Elite Store,E-commerce
3575,Metro Fuel,Entertainment
3576,Quick Mart,Fashion
3577,Quick Fuel,Fuel
3578,Elite Store,Fashion
3579,Urban Mart,Grocery
3580,Quick Mart,E-commerce
3581,Metro Hub,Fashion
3582,Elite Fuel,Travel
3583,Urban Fuel,Dining
3584,Urban Cafe,Dining
3585,Prime Store,Travel
3586,Prime Hub,Entertainment
3587,Urban Hub,E-commerce
3588,Elite Fuel,Travel
3589,Elite Fuel,Fuel
3590,Urban Store,Electronics
3591,Elite Cafe,E-commerce
3592,Prime Fuel,Grocery
3593,Metro Cafe,Entertainment
3594,Metro Cafe,E-commerce
3595,Elite Cafe,Fuel
3596,Prime Fuel,E-commerce
3597,Prime Cafe,Electronics
3598,Urban Store,Electronics
3599,Urban Hub,Travel
3600,Quick Hub,Healthcare
3601,Metro Mart,Entertainment
3602,Quick Hub,Dining
3603,Urban Mart,Dining
3604,Prime Hub,Utilities
3605,Urban Mart,E-commerce
3606,Urban Mart,Fashion
3607,Metro Cafe,Dining
3608,Quick Cafe,Fashion
3609,Quick Cafe,Utilities
3610,Quick Fuel,E-commerce
3611,Metro Mart,Electronics
3612,Urban Mart,Fuel
3613,Urban Store,E-commerce
3614,Prime Hub,E-commerce
3615,Quick Hub,Entertainment
3616,Elite Cafe,Fashion
3617,Elite Cafe,Grocery
3618,Quick Store,Healthcare
3619,Urban Fuel,Fuel
3620,Quick Cafe,Grocery
3621,Urban Fuel,Dining
3622,Metro Hub,Electronics
3623,Quick Mart,E-commerce
3624,Metro Mart,Fashion
3625,Elite Mart,Fashion
3626,Urban Hub,Fuel
3627,Quick Cafe,Grocery
3628,Quick Fuel,Grocery
3629,Prime Cafe,Travel
3630,Quick Mart,Electronics
3631,Prime Mart,Electronics
3632,Elite Store,Dining
3633,Urban Fuel,Utilities
3634,Elite Fuel,Healthcare
3635,Urban Fuel,Fashion
3636,Prime Mart,Electronics
3637,Urban Hub,Healthcare
3638,Quick Cafe,Healthcare
3639,Urban Cafe,E-commerce
3640,Elite Hub,Healthcare
3641,Prime Mart,Entertainment
3642,Prime Hub,Utilities
3643,Prime Store,Grocery
3644,Metro Fuel,Healthcare
3645,Urban Cafe,Grocery
3646,Elite Store,Entertainment
3647,Quick Mart,Utilities
3648,Quick Mart,Entertainment
3649,Metro Store,Entertainment
3650,Quick Fuel,Electronics
3651,Prime Hub,Fuel
3652,Quick Mart,Electronics
3653,Urban Mart,Healthcare
3654,Metro Hub,Electronics
3655,Quick Mart,Healthcare
3656,Elite Hub,Healthcare
3657,Urban Store,Healthcare
3658,Metro Cafe,Grocery
3659,Prime Mart,Travel
3660,Prime Fuel,Electronics
3661,Urban Cafe,Dining
3662,Quick Hub,Grocery
3663,Urban Store,Travel
3664,Elite Hub,Utilities
3665,Prime Mart,Travel
3666,Prime Cafe,Electronics
3667,Quick Fuel,Healthcare
3668,Elite Cafe,Electronics
3669,Prime Cafe,E-commerce
3670,Quick Fuel,Utilities
3671,Prime Hub,Fashion
3672,Metro Store,Entertainment
3673,Quick Fuel,E-commerce
3674,Urban Store,Travel
3675,Prime Cafe,Entertainment
3676,Metro Mart,Travel
3677,Urban Fuel,Electronics
3678,Quick Mart,Dining
3679,Prime Hub,Grocery
3680,Quick Cafe,Fashion
3681,Urban Fuel,Travel
3682,Elite Cafe,Fuel
3683,Urban Hub,Fuel
3684,Metro Mart,E-commerce
3685,Prime Hub,E-commerce
3686,Quick Mart,Utilities
3687,Metro Hub,Electronics
3688,Quick Cafe,Fuel
3689,Prime Fuel,Utilities
3690,Quick Fuel,Fuel
3691,Metro Store,Healthcare
3692,Metro Cafe,Fuel
3693,Metro Fuel,Utilities
3694,Urban Fuel,Utilities
3695,Prime Mart,Fashion
3696,Prime Store,Utilities
3697,Urban Fuel,Dining
3698,Prime Cafe,Electronics
3699,Urban Cafe,Fashion
3700,Elite Fuel,E-commerce
3701,Urban Hub,Dining
3702,Prime Store,E-commerce
3703,Prime Fuel,Entertainment
3704,Quick Hub,Grocery
3705,Metro Cafe,E-commerce
3706,Metro Cafe,Grocery
3707,Elite Fuel,Travel
3708,Quick Mart,Utilities
3709,Metro Store,E-commerce
3710,Urban Hub,E-commerce
3711,Metro Store,Travel
3712,Metro Store,Travel
3713,Prime Store,Grocery
3714,Elite Store,Utilities
3715,Elite Mart,Travel
3716,Prime Store,Travel
3717,Urban Hub,Healthcare
3718,Metro Hub,Fuel
3719,Metro Store,Entertainment
3720,Prime Cafe,Entertainment
3721,Elite Hub,Healthcare
3722,Quick Hub,Dining
3723,Urban Cafe,Fuel
3724,Metro Store,Healthcare
3725,Quick Store,Travel
3726,Urban Store,Dining
3727,Quick Cafe,Travel
3728,Metro Store,Travel
3729,Quick Store,Travel
3730,Quick Fuel,Dining
3731,Urban Mart,Fashion
3732,Quick Mart,Fuel
3733,Urban Fuel,Travel
3734,Urban Mart,Entertainment
3735,Elite Store,Healthcare
3736,Metro Mart,E-commerce
3737,Elite Hub,Electronics
3738,Prime Fuel,Electronics
3739,Prime Mart,Fuel
3740,Elite Mart,Healthcare
3741,Quick Store,Electronics
3742,Quick Mart,Dining
3743,Quick Hub,Travel
3744,Prime Fuel,Healthcare
3745,Prime Mart,Fuel
3746,Metro Fuel,Electronics
3747,Elite Cafe,Travel
3748,Metro Mart,Dining
3749,Prime Mart,Dining
3750,Elite Hub,Fuel
3751,Elite Mart,Fashion
3752,Urban Cafe,Fashion
3753,Prime Cafe,Grocery
3754,Elite Store,Utilities
3755,Prime Mart,Healthcare
3756,Metro Hub,Electronics
3757,Elite Mart,Fashion
3758,Elite Cafe,Fuel
3759,Quick Cafe,Entertainment
3760,Prime Store,Dining
3761,Elite Store,Travel
3762,Metro Fuel,Entertainment
3763,Metro Fuel,Fashion
3764,Urban Hub,Fuel
3765,Prime Mart,Healthcare
3766,Urban Mart,Fashion
3767,Urban Store,Dining
3768,Urban Cafe,Fashion
3769,Prime Cafe,Healthcare
3770,Urban Fuel,Travel
3771,Metro Store,Electronics
3772,Metro Hub,Electronics
3773,Metro Cafe,Entertainment
3774,Urban Mart,Healthcare
3775,Metro Store,Entertainment
3776,Metro Fuel,Healthcare
3777,Prime Store,Utilities
3778,Prime Hub,E-commerce
3779,Elite Mart,Utilities
3780,Quick Store,Travel
3781,Quick Mart,Dining
3782,Prime Cafe,Fuel
3783,Quick Hub,Utilities
3784,Prime Hub,Fuel
3785,Metro Fuel,Travel
3786,Prime Hub,Dining
3787,Urban Hub,Dining
3788,Urban Hub,E-commerce
3789,Quick Fuel,Grocery
3790,Quick Store,Utilities
3791,Prime Hub,E-commerce
3792,Elite Hub,Travel
3793,Metro Mart,E-commerce
3794,Elite Fuel,Dining
3795,Urban Hub,Entertainment
3796,Quick Store,Utilities
3797,Metro Fuel,Dining
3798,Elite Fuel,Grocery
3799,Quick Cafe,Entertainment
3800,Quick Fuel,Electronics
3801,Prime Cafe,Utilities
3802,Metro Cafe,Fashion
3803,Prime Mart,Electronics
3804,Urban Mart,Grocery
3805,Prime Mart,Dining
3806,Elite Mart,Healthcare
3807,Urban Fuel,Utilities
3808,Metro Mart,Grocery
3809,Prime Hub,Electronics
3810,Elite Mart,Healthcare
3811,Urban Cafe,Healthcare
3812,Quick Cafe,E-commerce
3813,Quick Fuel,Fuel
3814,Metro Hub,Fuel
3815,Urban Cafe,Dining
3816,Quick Store,Travel
3817,Quick Fuel,Healthcare
3818,Quick Cafe,Fuel
3819,Prime Hub,Fashion
3820,Elite Fuel,Utilities
3821,Urban Hub,E-commerce
3822,Prime Store,Entertainment
3823,Prime Fuel,Healthcare
3824,Quick Fuel,Fuel
3825,Urban Store,Dining
3826,Elite Store,Healthcare
3827,Quick Fuel,Fashion
3828,Elite Cafe,Travel
3829,Urban Fuel,Dining
3830,Prime Hub,Electronics
3831,Urban Cafe,Utilities
3832,Prime Store,Utilities
3833,Elite Fuel,Entertainment
3834,Elite Hub,Grocery
3835,Urban Fuel,Dining
3836,Prime Cafe,Grocery
3837,Elite Fuel,Electronics
3838,Quick Store,Electronics
3839,Urban Fuel,Electronics
3840,Elite Cafe,Entertainment
3841,Prime Hub,Grocery
3842,Urban Hub,Entertainment
3843,Quick Mart,Fashion
3844,Urban Fuel,Utilities
3845,Metro Hub,Utilities
3846,Prime Cafe,Entertainment
3847,Urban Hub,Fashion
3848,Elite Store,Entertainment
3849,Urban Fuel,E-commerce
3850,Elite Cafe,Dining
3851,Urban Store,Travel
3852,Prime Store,Grocery
3853,Elite Hub,Dining
3854,Quick Store,Electronics
3855,Metro Hub,Travel
3856,Elite Fuel,Entertainment
3857,Quick Store,Electronics
3858,Urban Mart,Fuel
3859,Prime Hub,Fashion
3860,Urban Cafe,Fuel
3861,Urban Mart,Healthcare
3862,Metro Cafe,E-commerce
3863,Elite Cafe,Fashion
3864,Prime Store,Healthcare
3865,Elite Mart,Healthcare
3866,Urban Store,Travel
3867,Quick Fuel,Electronics
3868,Urban Mart,Utilities
3869,Prime Cafe,Electronics
3870,Urban Store,E-commerce
3871,Quick Store,Grocery
3872,Metro Hub,E-commerce
3873,Elite Store,Travel
3874,Quick Hub,Electronics
3875,Quick Cafe,Healthcare
3876,Urban Cafe,Travel
3877,Urban Cafe,E-commerce
3878,Prime Fuel,Dining
3879,Urban Mart,Electronics
3880,Metro Cafe,Electronics
3881,Quick Cafe,Grocery
3882,Urban Fuel,Dining
3883,Prime Cafe,Dining
3884,Quick Hub,Electronics
3885,Prime Store,Healthcare
3886,Quick Store,Entertainment
3887,Metro Cafe,Grocery
3888,Urban Fuel,Healthcare
3889,Quick Hub,E-commerce
3890,Urban Fuel,Fashion
3891,Elite Cafe,Fuel
3892,Urban Fuel,Fashion
3893,Prime Mart,Electronics
3894,Elite Store,Grocery
3895,Elite Store,Electronics
3896,Metro Hub,E-commerce
3897,Elite Mart,Grocery
3898,Metro Fuel,Grocery
3899,Metro Hub,Grocery
3900,Prime Cafe,Utilities
3901,Metro Cafe,Fuel
3902,Prime Store,Grocery
3903,Elite Mart,Fashion
3904,Metro Fuel,Healthcare
3905,Urban Fuel,Electronics
3906,Urban Store,Entertainment
3907,Quick Cafe,Dining
3908,Quick Store,Electronics
3909,Urban Mart,Healthcare
3910,Prime Store,Entertainment
3911,Metro Hub,Fashion
3912,Urban Fuel,Fashion
3913,Elite Fuel,Electronics
3914,Quick Hub,Fuel
3915,Elite Cafe,Travel
3916,Prime Store,Utilities
3917,Quick Store,Grocery
3918,Elite Store,Utilities
3919,Urban Hub,Fuel
3920,Prime Mart,Entertainment
3921,Quick Hub,E-commerce
3922,Elite Mart,Fuel
3923,Metro Hub,Travel
3924,Prime Cafe,Grocery
3925,Quick Hub,Fashion
3926,Quick Fuel,Fashion
3927,Metro Hub,Fashion
3928,Elite Mart,Grocery
3929,Quick Mart,Grocery
3930,Quick Hub,Utilities
3931,Elite Cafe,Electronics
3932,Urban Store,Utilities
3933,Quick Hub,Dining
3934,Quick Mart,Healthcare
3935,Metro Cafe,Fuel
3936,Elite Fuel,Travel
3937,Elite Mart,Utilities
3938,Quick Mart,Travel
3939,Prime Hub,Travel
3940,Urban Store,Fashion
3941,Elite Store,Utilities
3942,Urban Cafe,Travel
3943,Quick Hub,Fashion
3944,Quick Store,Dining
3945,Quick Mart,E-commerce
3946,Elite Cafe,Grocery
3947,Metro Hub,Electronics
3948,Prime Fuel,E-commerce
3949,Quick Fuel,Dining
3950,Elite Store,Fuel
3951,Prime Cafe,E-commerce
3952,Urban Store,Utilities
3953,Prime Cafe,Healthcare
3954,Quick Mart,E-commerce
3955,Elite Fuel,Travel
3956,Urban Mart,Fuel
3957,Urban Hub,E-commerce
3958,Urban Mart,Fuel
3959,Urban Store,Entertainment
3960,Prime Mart,Fuel
3961,Prime Cafe,Grocery
3962,Prime Store,Utilities
3963,Metro Hub,Healthcare
3964,Metro Fuel,E-commerce
3965,Quick Fuel,Entertainment
3966,Quick Store,Healthcare
3967,Quick Fuel,Dining
3968,Quick Store,Electronics
3969,Metro Store,Entertainment
3970,Quick Fuel,E-commerce
3971,Metro Cafe,Travel
3972,Metro Store,E-commerce
3973,Quick Store,Dining
3974,Urban Mart,Fuel
3975,Urban Cafe,Electronics
3976,Prime Mart,Healthcare
3977,Prime Store,Electronics
3978,Urban Cafe,Healthcare
3979,Metro Fuel,Dining
3980,Metro Fuel,Fashion
3981,Metro Mart,Dining
3982,Urban Cafe,Utilities
3983,Elite Mart,Fuel
3984,Urban Mart,E-commerce
3985,Metro Cafe,Electronics
3986,Prime Cafe,Fashion
3987,Quick Store,Travel
3988,Urban Mart,Fashion
3989,Elite Mart,Healthcare
3990,Urban Fuel,Healthcare
3991,Elite Cafe,Travel
3992,Urban Store,E-commerce
3993,Prime Mart,Fuel
3994,Metro Hub,Fashion
3995,Elite Cafe,Travel
3996,Metro Hub,Electronics
3997,Elite Hub,Grocery
3998,Elite Store,E-commerce
3999,Quick Mart,E-commerce
4000,Metro Fuel,Entertainment
4001,Quick Fuel,Healthcare
4002,Urban Fuel,Dining
4003,Elite Fuel,Electronics
4004,Prime Store,Healthcare
4005,Prime Fuel,Travel
4006,Urban Fuel,Entertainment
4007,Prime Hub,Dining
4008,Urban Hub,Healthcare
4009,Metro Store,Fashion
4010,Elite Hub,Travel
4011,Elite Hub,Fuel
4012,Quick Hub,Fashion
4013,Quick Mart,Healthcare
4014,Quick Store,Fuel
4015,Elite Mart,Dining
4016,Quick Mart,Fashion
4017,Quick Fuel,Utilities
4018,Urban Store,Dining
4019,Urban Store,Grocery
4020,Prime Mart,Healthcare
4021,Elite Fuel,Fashion
4022,Prime Store,Fashion
4023,Urban Hub,Fuel
4024,Metro Fuel,Travel
4025,Quick Hub,Fashion
4026,Prime Store,Fashion
4027,Prime Cafe,Fashion
4028,Elite Fuel,Travel
4029,Elite Mart,Grocery
4030,Urban Hub,Fashion
4031,Urban Store,Utilities
4032,Metro Cafe,Fashion
4033,Urban Mart,Fashion
4034,Quick Fuel,Travel
4035,Elite Store,Fuel
4036,Elite Cafe,Grocery
4037,Quick Cafe,Fashion
4038,Metro Hub,E-commerce
4039,Elite Hub,Entertainment
4040,Urban Fuel,Travel
4041,Metro Fuel,Travel
4042,Elite Mart,Utilities
4043,Quick Cafe,Grocery
4044,Metro Fuel,Fashion
4045,Elite Fuel,Grocery
4046,Metro Store,Utilities
4047,Metro Fuel,Healthcare
4048,Elite Hub,Dining
4049,Elite Hub,Utilities
4050,Metro Fuel,Healthcare
4051,Metro Fuel,Travel
4052,Prime Store,Healthcare
4053,Urban Store,E-commerce
4054,Metro Store,Travel
4055,Elite Cafe,Dining
4056,Quick Store,Grocery
4057,Quick Hub,Electronics
4058,Urban Fuel,Healthcare
4059,Metro Mart,Fashion
4060,Metro Mart,Dining
4061,Prime Hub,Healthcare
4062,Metro Hub,Fashion
4063,Quick Cafe,E-commerce
4064,Quick Store,E-commerce
4065,Elite Fuel,Fashion
4066,Metro Hub,Healthcare
4067,Metro Fuel,Dining
4068,Quick Hub,Fashion
4069,Prime Cafe,Fuel
4070,Elite Fuel,Travel
4071,Urban Cafe,Entertainment
4072,Prime Store,Fashion
4073,Metro Hub,Healthcare
4074,Elite Mart,Electronics
4075,Metro Store,Travel
4076,Elite Hub,Travel
4077,Prime Mart,Grocery
4078,Urban Mart,E-commerce
4079,Prime Hub,E-commerce
4080,Urban Fuel,Grocery
4081,Prime Cafe,Fashion
4082,Quick Mart,Electronics
4083,Urban Hub,Entertainment
4084,Prime Fuel,Entertainment
4085,Elite Mart,Electronics
4086,Metro Fuel,Electronics
4087,Prime Store,Healthcare
4088,Elite Store,Healthcare
4089,Elite Cafe,Travel
4090,Quick Store,Entertainment
4091,Quick Store,Grocery
4092,Urban Mart,Dining
4093,Elite Fuel,Entertainment
4094,Prime Cafe,Fuel
4095,Quick Fuel,Utilities
4096,Metro Mart,Electronics
4097,Elite Fuel,Healthcare
4098,Quick Mart,Healthcare
4099,Metro Hub,Electronics
4100,Metro Fuel,Healthcare
4101,Urban Cafe,Dining
4102,Elite Cafe,Utilities
4103,Quick Mart,Fuel
4104,Quick Store,Dining
4105,Urban Fuel,E-commerce
4106,Urban Fuel,Entertainment
4107,Prime Cafe,Grocery
4108,Elite Store,Entertainment
4109,Quick Cafe,Dining
4110,Urban Hub,Electronics
4111,Quick Fuel,Grocery
4112,Prime Store,Utilities
4113,Metro Store,Healthcare
4114,Elite Cafe,E-commerce
4115,Urban Cafe,Healthcare
4116,Elite Fuel,Fuel
4117,Metro Store,Travel
4118,Elite Fuel,Travel
4119,Quick Fuel,Dining
4120,Urban Fuel,Grocery
4121,Metro Cafe,Dining
4122,Prime Cafe,Grocery
4123,Quick Fuel,Entertainment
4124,Urban Fuel,Entertainment
4125,Prime Mart,Entertainment
4126,Metro Store,Dining
4127,Metro Store,E-commerce
4128,Prime Fuel,Healthcare
4129,Prime Hub,Utilities
4130,Urban Mart,Grocery
4131,Metro Mart,Grocery
4132,Urban Mart,Fuel
4133,Metro Store,Dining
4134,Elite Mart,Dining
4135,Urban Store,Electronics
4136,Metro Cafe,E-commerce
4137,Elite Store,Fuel
4138,Urban Hub,Entertainment
4139,Elite Store,E-commerce
4140,Quick Hub,Healthcare
4141,Prime Mart,E-commerce
4142,Metro Store,Dining
4143,Metro Hub,Travel
4144,Elite Hub,Travel
4145,Metro Mart,Grocery
4146,Urban Store,Grocery
4147,Prime Store,Fuel
4148,Metro Mart,Healthcare
4149,Metro Cafe,Grocery
4150,Metro Hub,Fuel
4151,Elite Fuel,Electronics
4152,Elite Store,Fashion
4153,Metro Cafe,Utilities
4154,Quick Store,E-commerce
4155,Elite Cafe,Electronics
4156,Urban Store,Grocery
4157,Prime Store,Electronics
4158,Metro Store,Fashion
4159,Prime Hub,Fashion
4160,Elite Mart,Entertainment
4161,Metro Hub,Electronics
4162,Prime Cafe,Electronics
4163,Urban Mart,Entertainment
4164,Elite Fuel,Fuel
4165,Quick Cafe,Entertainment
4166,Quick Hub,Utilities
4167,Metro Fuel,Travel
4168,Quick Mart,Electronics
4169,Prime Hub,Fashion
4170,Urban Fuel,Travel
4171,Urban Cafe,Fashion
4172,Quick Fuel,Fuel
4173,Prime Fuel,Electronics
4174,Prime Store,Fuel
4175,Metro Cafe,Entertainment
4176,Urban Cafe,Grocery
4177,Elite Mart,Fuel
4178,Elite Cafe,Entertainment
4179,Metro Mart,Fuel
4180,Metro Store,E-commerce
4181,Urban Fuel,Travel
4182,Urban Mart,E-commerce
4183,Elite Cafe,Grocery
4184,Prime Hub,Grocery
4185,Metro Cafe,Entertainment
4186,Prime Fuel,Fuel
4187,Elite Cafe,E-commerce
4188,Prime Store,Entertainment
4189,Prime Mart,Dining
4190,Metro Store,Travel
4191,Urban Mart,Travel
4192,Elite Fuel,Healthcare
4193,Elite Mart,Utilities
4194,Elite Mart,Healthcare
4195,Urban Hub,Travel
4196,Metro Cafe,Electronics
4197,Quick Fuel,Fuel
4198,Quick Hub,Healthcare
4199,Urban Mart,Grocery
4200,Metro Fuel,Entertainment
4201,Prime Hub,Healthcare
4202,Elite Fuel,Electronics
4203,Urban Hub,Electronics
4204,Metro Mart,Electronics
4205,Prime Cafe,Healthcare
4206,Prime Hub,Fuel
4207,Prime Mart,Dining
4208,Prime Cafe,Utilities
4209,Metro Cafe,Travel
4210,Urban Hub,Grocery
4211,Metro Mart,Grocery
4212,Prime Hub,E-commerce
4213,Metro Mart,Dining
4214,Prime Fuel,Utilities
4215,Elite Cafe,E-commerce
4216,Metro Mart,E-commerce
4217,Urban Hub,Dining
4218,Quick Hub,Travel
4219,Prime Fuel,Fashion
4220,Metro Store,Healthcare
4221,Quick Cafe,Electronics
4222,Prime Store,Fashion
4223,Metro Store,Healthcare
4224,Urban Cafe,Electronics
4225,Quick Mart,Electronics
4226,Quick Hub,Dining
4227,Urban Store,Dining
4228,Prime Mart,Utilities
4229,Prime Hub,Grocery
4230,Urban Mart,Travel
4231,Urban Hub,Healthcare
4232,Quick Hub,E-commerce
4233,Prime Hub,E-commerce
4234,Prime Fuel,Travel
4235,Elite Store,Travel
4236,Elite Hub,Electronics
4237,Elite Hub,Healthcare
4238,Quick Fuel,Fashion
4239,Elite Hub,Fashion
4240,Prime Hub,Entertainment
4241,Quick Cafe,Fuel
4242,Metro Fuel,Grocery
4243,Quick Cafe,Fashion
4244,Elite Cafe,Entertainment
4245,Prime Mart,Fuel
4246,Quick Fuel,Fashion
4247,Metro Cafe,Fashion
4248,Elite Cafe,Electronics
4249,Urban Fuel,Fuel
4250,Prime Mart,Travel
4251,Urban Cafe,Healthcare
4252,Quick Store,Grocery
4253,Quick Cafe,Healthcare
4254,Quick Hub,Travel
4255,Elite Mart,Electronics
4256,Metro Mart,Utilities
4257,Metro Cafe,Fuel
4258,Elite Store,Fuel
4259,Quick Store,Fuel
4260,Metro Store,E-commerce
4261,Metro Store,Electronics
4262,Metro Cafe,Utilities
4263,Urban Store,Entertainment
4264,Quick Store,Electronics
4265,Metro Fuel,Dining
4266,Metro Hub,Fuel
4267,Elite Cafe,Travel
4268,Metro Mart,Fashion
4269,Urban Mart,Dining
4270,Metro Mart,Grocery
4271,Quick Mart,Utilities
4272,Prime Hub,E-commerce
4273,Elite Hub,Electronics
4274,Quick Store,Electronics
4275,Urban Cafe,Fuel
4276,Prime Cafe,Electronics
4277,Prime Fuel,Grocery
4278,Urban Cafe,Fuel
4279,Quick Mart,Dining
4280,Metro Mart,Fuel
4281,Elite Store,Fashion
4282,Urban Hub,E-commerce
4283,Prime Mart,Fuel
4284,Urban Cafe,Utilities
4285,Urban Cafe,Entertainment
4286,Elite Hub,Fuel
4287,Prime Hub,Fuel
4288,Urban Fuel,Utilities
4289,Prime Mart,Fashion
4290,Urban Mart,Dining
4291,Elite Hub,Healthcare
4292,Urban Hub,E-commerce
4293,Elite Store,Grocery
4294,Quick Store,Fashion
4295,Urban Mart,E-commerce
4296,Prime Cafe,Electronics
4297,Elite Store,Fuel
4298,Quick Fuel,Fashion
4299,Elite Fuel,Healthcare
4300,Elite Mart,Dining
4301,Metro Hub,E-commerce
4302,Metro Store,E-commerce
4303,Quick Cafe,Dining
4304,Quick Cafe,Entertainment
4305,Urban Mart,Dining
4306,Prime Mart,Utilities
4307,Elite Hub,Fuel
4308,Metro Mart,Healthcare
4309,Metro Mart,Travel
4310,Metro Fuel,Fashion
4311,Metro Cafe,Entertainment
4312,Prime Mart,Electronics
4313,Prime Fuel,Fuel
4314,Urban Hub,Utilities
4315,Quick Cafe,E-commerce
4316,Elite Hub,Grocery
4317,Urban Store,Entertainment
4318,Quick Hub,Healthcare
4319,Prime Cafe,Electronics
4320,Elite Cafe,Grocery
4321,Elite Fuel,Fuel
4322,Prime Fuel,Dining
4323,Prime Hub,Fuel
4324,Prime Fuel,Dining
4325,Elite Mart,E-commerce
4326,Quick Store,Entertainment
4327,Elite Store,Electronics
4328,Metro Hub,Utilities
4329,Metro Hub,Grocery
4330,Metro Cafe,E-commerce
4331,Urban Mart,Grocery
4332,Quick Cafe,Fashion
4333,Prime Store,Dining
4334,Quick Store,Healthcare
4335,Elite Store,Dining
4336,Metro Cafe,Utilities
4337,Prime Hub,Healthcare
4338,Urban Mart,Healthcare
4339,Elite Store,Electronics
4340,Quick Hub,Entertainment
4341,Elite Cafe,Travel
4342,Urban Mart,Fashion
4343,Metro Fuel,Dining
4344,Urban Store,Fuel
4345,Quick Mart,Electronics
4346,Prime Fuel,Travel
4347,Urban Hub,E-commerce
4348,Prime Mart,Dining
4349,Metro Mart,Fuel
4350,Prime Hub,Dining
4351,Elite Hub,Grocery
4352,Urban Mart,Entertainment
4353,Metro Store,Healthcare
4354,Urban Store,Entertainment
4355,Urban Fuel,Travel
4356,Urban Cafe,Travel
4357,Elite Hub,E-commerce
4358,Urban Fuel,Fuel
4359,Quick Fuel,Fashion
4360,Urban Hub,Fuel
4361,Quick Mart,Entertainment
4362,Metro Cafe,Electronics
4363,Prime Store,Fashion
4364,Metro Hub,Entertainment
4365,Prime Cafe,E-commerce
4366,Metro Cafe,Grocery
4367,Urban Mart,Fuel
4368,Metro Hub,Entertainment
4369,Quick Store,E-commerce
4370,Prime Store,Travel
4371,Prime Mart,Fuel
4372,Prime Mart,Electronics
4373,Elite Fuel,Travel
4374,Metro Cafe,Entertainment
4375,Urban Hub,Fuel
4376,Quick Cafe,Travel
4377,Quick Mart,Fashion
4378,Metro Store,Utilities
4379,Quick Mart,Electronics
4380,Urban Store,Fashion
4381,Prime Hub,Dining
4382,Elite Hub,Electronics
4383,Urban Hub,Travel
4384,Metro Store,E-commerce
4385,Prime Store,Dining
4386,Urban Cafe,Fuel
4387,Prime Cafe,Fashion
4388,Quick Hub,Utilities
4389,Elite Fuel,Grocery
4390,Elite Fuel,Fashion
4391,Metro Hub,Healthcare
4392,Elite Store,Healthcare
4393,Elite Cafe,E-commerce
4394,Metro Cafe,Entertainment
4395,Prime Cafe,Healthcare
4396,Urban Cafe,Healthcare
4397,Metro Hub,Fashion
4398,Prime Fuel,E-commerce
4399,Prime Cafe,Fashion
4400,Prime Store,Dining
4401,Metro Cafe,Dining
4402,Quick Mart,Dining
4403,Prime Cafe,Entertainment
4404,Quick Hub,Dining
4405,Urban Mart,Healthcare
4406,Metro Fuel,Fuel
4407,Elite Store,Utilities
4408,Prime Hub,Grocery
4409,Elite Fuel,Fuel
4410,Elite Hub,Grocery
4411,Urban Store,Dining
4412,Metro Mart,Electronics
4413,Elite Hub,Fashion
4414,Quick Hub,Electronics
4415,Prime Mart,Healthcare
4416,Elite Hub,Utilities
4417,Prime Fuel,Dining
4418,Prime Mart,Healthcare
4419,Metro Fuel,E-commerce
4420,Urban Cafe,E-commerce
4421,Metro Store,Entertainment
4422,Prime Store,Healthcare
4423,Elite Cafe,Fashion
4424,Urban Mart,Dining
4425,Quick Fuel,Travel
4426,Metro Store,Electronics
4427,Metro Fuel,Travel
4428,Metro Mart,Utilities
4429,Urban Mart,Grocery
4430,Prime Cafe,Utilities
4431,Metro Mart,Healthcare
4432,Prime Mart,Fashion
4433,Quick Fuel,Fuel
4434,Elite Hub,E-commerce
4435,Prime Hub,Healthcare
4436,Elite Store,Fuel
4437,Urban Hub,Utilities
4438,Urban Mart,E-commerce
4439,Prime Fuel,Healthcare
4440,Prime Fuel,Electronics
4441,Elite Fuel,Fashion
4442,Quick Fuel,E-commerce
4443,Prime Store,Fuel
4444,Prime Cafe,Travel
4445,Urban Mart,Travel
4446,Prime Store,Electronics
4447,Metro Cafe,Utilities
4448,Urban Hub,Healthcare
4449,Metro Store,Fuel
4450,Elite Mart,Utilities
4451,Urban Cafe,Grocery
4452,Quick Hub,Fuel
4453,Elite Store,Grocery
4454,Elite Hub,Fuel
4455,Elite Store,Fashion
4456,Elite Hub,Entertainment
4457,Quick Cafe,Fashion
4458,Prime Mart,Travel
4459,Elite Mart,Healthcare
4460,Urban Store,Healthcare
4461,Quick Cafe,Fashion
4462,Prime Cafe,E-commerce
4463,Metro Hub,Fashion
4464,Metro Hub,E-commerce
4465,Metro Fuel,Fuel
4466,Quick Store,Utilities
4467,Prime Hub,Travel
4468,Metro Store,Travel
4469,Urban Mart,Grocery
4470,Prime Fuel,Dining
4471,Urban Hub,Electronics
4472,Quick Fuel,Fashion
4473,Elite Hub,Entertainment
4474,Urban Store,E-commerce
4475,Urban Fuel,Entertainment
4476,Prime Cafe,Healthcare
4477,Elite Mart,Entertainment
4478,Elite Hub,Dining
4479,Prime Store,Fashion
4480,Prime Mart,Electronics
4481,Elite Cafe,Grocery
4482,Urban Hub,Healthcare
4483,Elite Cafe,Fuel
4484,Urban Fuel,Entertainment
4485,Prime Fuel,Fashion
4486,Metro Hub,Fashion
4487,Urban Mart,Electronics
4488,Elite Fuel,Dining
4489,Quick Hub,Dining
4490,Elite Mart,Travel
4491,Prime Store,Travel
4492,Quick Store,Entertainment
4493,Elite Store,Fashion
4494,Quick Fuel,Fashion
4495,Elite Cafe,Fuel
4496,Quick Hub,Dining
4497,Quick Fuel,Grocery
4498,Elite Mart,Fashion
4499,Prime Fuel,Grocery
4500,Urban Cafe,Utilities
4501,Quick Store,Entertainment
4502,Metro Cafe,Fashion
4503,Metro Store,Healthcare
4504,Metro Store,Dining
4505,Quick Store,Dining
4506,Prime Cafe,Entertainment
4507,Urban Fuel,Dining
4508,Prime Store,Grocery
4509,Quick Cafe,Electronics
4510,Urban Cafe,Fashion
4511,Metro Cafe,Fashion
4512,Prime Fuel,Dining
4513,Quick Store,Utilities
4514,Elite Store,Fuel
4515,Elite Fuel,Grocery
4516,Metro Mart,Grocery
4517,Elite Hub,Dining
4518,Quick Cafe,Travel
4519,Elite Store,Fuel
4520,Urban Fuel,Fashion
4521,Elite Store,Utilities
4522,Elite Mart,Fuel
4523,Prime Cafe,E-commerce
4524,Quick Cafe,Travel
4525,Urban Store,Grocery
4526,Quick Hub,E-commerce
4527,Metro Store,Entertainment
4528,Elite Store,Fashion
4529,Prime Mart,E-commerce
4530,Quick Mart,Grocery
4531,Quick Mart,Utilities
4532,Prime Cafe,Fashion
4533,Metro Store,Travel
4534,Quick Cafe,Fashion
4535,Elite Fuel,Fashion
4536,Metro Store,Healthcare
4537,Prime Fuel,Fashion
4538,Prime Cafe,E-commerce
4539,Prime Mart,Grocery
4540,Prime Store,Travel
4541,Prime Hub,Healthcare
4542,Quick Store,Utilities
4543,Quick Fuel,Dining
4544,Metro Hub,Electronics
4545,Urban Hub,Healthcare
4546,Elite Mart,Fuel
4547,Metro Mart,Fuel
4548,Quick Hub,Travel
4549,Elite Store,Healthcare
4550,Metro Fuel,Utilities
4551,Metro Hub,E-commerce
4552,Urban Fuel,Dining
4553,Prime Store,Entertainment
4554,Metro Hub,E-commerce
4555,Elite Fuel,Grocery
4556,Metro Hub,Entertainment
4557,Quick Mart,Grocery
4558,Urban Mart,E-commerce
4559,Metro Cafe,Dining
4560,Elite Hub,Entertainment
4561,Prime Fuel,Dining
4562,Elite Fuel,Electronics
4563,Urban Mart,Utilities
4564,Quick Cafe,Grocery
4565,Urban Fuel,E-commerce
4566,Quick Store,Fashion
4567,Metro Fuel,Healthcare
4568,Urban Mart,Fashion
4569,Metro Hub,Electronics
4570,Elite Mart,Utilities
4571,Metro Fuel,E-commerce
4572,Metro Fuel,Fuel
4573,Urban Fuel,Entertainment
4574,Metro Store,Travel
4575,Quick Fuel,Utilities
4576,Quick Fuel,Fashion
4577,Urban Store,Entertainment
4578,Prime Fuel,Utilities
4579,Metro Hub,Entertainment
4580,Metro Fuel,Entertainment
4581,Urban Fuel,Dining
4582,Prime Cafe,Fuel
4583,Elite Fuel,E-commerce
4584,Prime Fuel,Entertainment
4585,Urban Cafe,Utilities
4586,Quick Store,Travel
4587,Prime Fuel,Fuel
4588,Prime Cafe,Healthcare
4589,Urban Mart,Fuel
4590,Quick Cafe,Fashion
4591,Urban Mart,Fashion
4592,Elite Hub,Dining
4593,Metro Fuel,Travel
4594,Urban Hub,Entertainment
4595,Prime Hub,Dining
4596,Elite Fuel,Dining
4597,Urban Store,Travel
4598,Quick Hub,E-commerce
4599,Urban Mart,Electronics
4600,Prime Mart,Healthcare
4601,Prime Mart,Travel
4602,Metro Cafe,Utilities
4603,Urban Mart,Entertainment
4604,Quick Hub,Entertainment
4605,Elite Hub,Healthcare
4606,Metro Cafe,Fashion
4607,Urban Cafe,Travel
4608,Urban Store,Healthcare
4609,Elite Fuel,Travel
4610,Urban Cafe,Dining
4611,Quick Fuel,Electronics
4612,Elite Mart,Electronics
4613,Metro Store,Grocery
4614,Metro Hub,Electronics
4615,Elite Mart,Dining
4616,Prime Cafe,Grocery
4617,Urban Fuel,Fashion
4618,Prime Cafe,E-commerce
4619,Prime Fuel,Dining
4620,Urban Fuel,E-commerce
4621,Metro Cafe,Fashion
4622,Metro Cafe,Electronics
4623,Urban Store,Grocery
4624,Urban Cafe,Grocery
4625,Quick Store,Healthcare
4626,Metro Fuel,Entertainment
4627,Metro Fuel,Fuel
4628,Prime Fuel,Fuel
4629,Prime Store,Grocery
4630,Metro Cafe,Healthcare
4631,Quick Cafe,Healthcare
4632,Quick Cafe,Entertainment
4633,Prime Cafe,Electronics
4634,Metro Store,E-commerce
4635,Urban Mart,Travel
4636,Prime Mart,E-commerce
4637,Elite Fuel,Fashion
4638,Prime Hub,Grocery
4639,Urban Cafe,Healthcare
4640,Metro Fuel,E-commerce
4641,Urban Hub,Grocery
4642,Quick Fuel,Entertainment
4643,Elite Fuel,Fashion
4644,Quick Fuel,Healthcare
4645,Quick Cafe,Healthcare
4646,Quick Mart,Dining
4647,Elite Fuel,Fuel
4648,Quick Mart,Utilities
4649,Elite Store,Travel
4650,Urban Mart,Electronics
4651,Prime Cafe,Fuel
4652,Metro Hub,E-commerce
4653,Urban Cafe,Fuel
4654,Quick Cafe,Entertainment
4655,Urban Cafe,Electronics
4656,Prime Cafe,Travel
4657,Prime Mart,Travel
4658,Prime Store,Dining
4659,Prime Cafe,Fuel
4660,Quick Cafe,Electronics
4661,Urban Cafe,Healthcare
4662,Metro Cafe,Healthcare
4663,Elite Hub,Entertainment
4664,Quick Fuel,Dining
4665,Metro Store,Healthcare
4666,Quick Store,Entertainment
4667,Prime Fuel,Fashion
4668,Prime Mart,Travel
4669,Urban Hub,Dining
4670,Urban Mart,Electronics
4671,Elite Store,Electronics
4672,Quick Fuel,Utilities
4673,Prime Hub,Healthcare
4674,Metro Hub,Dining
4675,Elite Cafe,Electronics
4676,Elite Store,Travel
4677,Quick Hub,Entertainment
4678,Elite Cafe,Dining
4679,Metro Hub,Electronics
4680,Urban Cafe,Dining
4681,Metro Fuel,Fashion
4682,Prime Mart,Fuel
4683,Urban Cafe,Fuel
4684,Metro Mart,Fashion
4685,Metro Hub,Grocery
4686,Urban Fuel,Grocery
4687,Quick Fuel,Grocery
4688,Elite Fuel,Dining
4689,Metro Mart,Healthcare
4690,Urban Hub,Fuel
4691,Metro Store,Utilities
4692,Elite Cafe,Travel
4693,Quick Fuel,Fashion
4694,Quick Store,Grocery
4695,Quick Fuel,Travel
4696,Prime Hub,Healthcare
4697,Urban Cafe,Electronics
4698,Quick Mart,Grocery
4699,Urban Store,Healthcare
4700,Elite Store,Travel
4701,Metro Mart,Electronics
4702,Prime Store,Dining
4703,Urban Hub,Utilities
4704,Elite Hub,Dining
4705,Quick Store,Dining
4706,Urban Store,E-commerce
4707,Prime Mart,Utilities
4708,Prime Cafe,Utilities
4709,Quick Fuel,Travel
4710,Prime Fuel,E-commerce
4711,Urban Hub,Electronics
4712,Elite Fuel,Electronics
4713,Elite Fuel,Dining
4714,Urban Fuel,Dining
4715,Urban Fuel,Fashion
4716,Urban Fuel,Healthcare
4717,Urban Store,Dining
4718,Elite Store,E-commerce
4719,Quick Mart,Dining
4720,Prime Mart,Entertainment
4721,Quick Store,Utilities
4722,Elite Cafe,Utilities
4723,Quick Store,Utilities
4724,Urban Hub,Travel
4725,Elite Cafe,Utilities
4726,Metro Hub,Entertainment
4727,Prime Store,Electronics
4728,Elite Mart,Fuel
4729,Prime Cafe,Healthcare
4730,Prime Cafe,Electronics
4731,Quick Hub,Travel
4732,Metro Store,Travel
4733,Metro Fuel,Dining
4734,Prime Mart,Fuel
4735,Elite Mart,Electronics
4736,Urban Hub,Dining
4737,Urban Store,Travel
4738,Quick Mart,Utilities
4739,Urban Store,Electronics
4740,Urban Fuel,Electronics
4741,Urban Hub,Grocery
4742,Metro Cafe,Electronics
4743,Prime Mart,Healthcare
4744,Quick Fuel,Utilities
4745,Quick Hub,Dining
4746,Quick Cafe,Electronics
4747,Metro Mart,Fashion
4748,Urban Fuel,Fuel
4749,Metro Mart,E-commerce
4750,Prime Mart,Utilities
4751,Prime Fuel,Fuel
4752,Metro Store,Travel
4753,Prime Fuel,Electronics
4754,Metro Mart,Dining
4755,Urban Store,E-commerce
4756,Elite Store,Healthcare
4757,Quick Store,Fuel
4758,Metro Mart,Fashion
4759,Elite Fuel,E-commerce
4760,Metro Fuel,Healthcare
4761,Prime Store,Healthcare
4762,Urban Fuel,Grocery
4763,Urban Cafe,Grocery
4764,Metro Fuel,Fuel
4765,Quick Cafe,Dining
4766,Quick Fuel,Healthcare
4767,Metro Mart,Entertainment
4768,Urban Mart,Healthcare
4769,Quick Hub,Travel
4770,Elite Hub,Fuel
4771,Elite Hub,Electronics
4772,Elite Fuel,Grocery
4773,Metro Fuel,Healthcare
4774,Prime Cafe,Fuel
4775,Prime Hub,Utilities
4776,Elite Store,Grocery
4777,Urban Fuel,Electronics
4778,Metro Mart,Grocery
4779,Prime Store,Healthcare
4780,Quick Hub,Dining
4781,Elite Mart,Fashion
4782,Prime Fuel,Dining
4783,Metro Cafe,E-commerce
4784,Prime Cafe,Healthcare
4785,Quick Hub,Electronics
4786,Urban Hub,Electronics
4787,Quick Mart,Grocery
4788,Prime Mart,Utilities
4789,Metro Hub,Utilities
4790,Urban Store,Fashion
4791,Elite Cafe,Fuel
4792,Urban Hub,Grocery
4793,Urban Cafe,Fuel
4794,Prime Store,Utilities
4795,Quick Store,Electronics
4796,Urban Store,Dining
4797,Metro Fuel,Fuel
4798,Metro Cafe,Utilities
4799,Urban Hub,Dining
4800,Quick Fuel,Utilities
4801,Urban Cafe,Entertainment
4802,Urban Store,Fuel
4803,Urban Store,E-commerce
4804,Metro Fuel,Healthcare
4805,Urban Mart,Healthcare
4806,Elite Store,Fuel
4807,Metro Store,Utilities
4808,Prime Mart,E-commerce
4809,Elite Cafe,Entertainment
4810,Urban Mart,Dining
4811,Urban Cafe,Healthcare
4812,Urban Cafe,Dining
4813,Urban Fuel,Travel
4814,Metro Store,Fuel
4815,Metro Mart,Dining
4816,Urban Fuel,Healthcare
4817,Metro Hub,E-commerce
4818,Urban Store,Travel
4819,Quick Fuel,Entertainment
4820,Prime Mart,Electronics
4821,Urban Hub,E-commerce
4822,Elite Cafe,Travel
4823,Urban Fuel,Travel
4824,Prime Hub,Entertainment
4825,Prime Store,Travel
4826,Prime Hub,Travel
4827,Prime Fuel,Travel
4828,Metro Cafe,Utilities
4829,Elite Store,Electronics
4830,Prime Cafe,Entertainment
4831,Elite Store,Utilities
4832,Urban Fuel,Utilities
4833,Quick Fuel,Entertainment
4834,Quick Cafe,Healthcare
4835,Urban Cafe,E-commerce
4836,Elite Hub,Electronics
4837,Urban Hub,Entertainment
4838,Quick Fuel,Electronics
4839,Elite Hub,Utilities
4840,Quick Fuel,Dining
4841,Quick Cafe,Grocery
4842,Quick Hub,Electronics
4843,Metro Store,Travel
4844,Metro Hub,Fuel
4845,Urban Cafe,Entertainment
4846,Quick Store,Entertainment
4847,Elite Fuel,Fashion
4848,Quick Cafe,E-commerce
4849,Elite Fuel,Entertainment
4850,Urban Fuel,Fuel
4851,Quick Hub,Fashion
4852,Metro Store,Dining
4853,Metro Cafe,Travel
4854,Urban Hub,Healthcare
4855,Metro Hub,Utilities
4856,Prime Cafe,Dining
4857,Quick Cafe,Fuel
4858,Urban Store,Entertainment
4859,Elite Fuel,E-commerce
4860,Quick Fuel,Fuel
4861,Elite Fuel,Dining
4862,Metro Fuel,Grocery
4863,Quick Mart,Utilities
4864,Metro Cafe,Fashion
4865,Urban Hub,Healthcare
4866,Metro Fuel,Entertainment
4867,Urban Hub,Fuel
4868,Elite Mart,Fuel
4869,Metro Hub,Healthcare
4870,Quick Fuel,Fuel
4871,Prime Hub,Grocery
4872,Quick Store,Travel
4873,Prime Cafe,Dining
4874,Metro Cafe,Grocery
4875,Metro Fuel,Entertainment
4876,Metro Cafe,Fuel
4877,Quick Hub,E-commerce
4878,Prime Cafe,Grocery
4879,Metro Mart,Utilities
4880,Prime Cafe,E-commerce
4881,Quick Store,Healthcare
4882,Urban Fuel,Electronics
4883,Quick Fuel,Grocery
4884,Prime Fuel,Dining
4885,Elite Fuel,Fashion
4886,Elite Fuel,Grocery
4887,Prime Store,Electronics
4888,Prime Fuel,Travel
4889,Urban Store,Dining
4890,Quick Fuel,Electronics
4891,Metro Hub,Dining
4892,Elite Fuel,Healthcare
4893,Urban Hub,Utilities
4894,Metro Hub,Entertainment
4895,Quick Store,E-commerce
4896,Quick Hub,Fuel
4897,Metro Hub,Dining
4898,Elite Store,E-commerce
4899,Urban Hub,Travel
4900,Urban Hub,Fuel
4901,Prime Mart,Utilities
4902,Elite Fuel,Fashion
4903,Urban Mart,E-commerce
4904,Metro Store,Travel
4905,Elite Mart,Healthcare
4906,Urban Cafe,Utilities
4907,Quick Store,E-commerce
4908,Urban Mart,Fashion
4909,Elite Fuel,Grocery
4910,Prime Fuel,Utilities
4911,Prime Hub,Entertainment
4912,Prime Mart,Utilities
4913,Elite Cafe,Electronics
4914,Prime Cafe,Utilities
4915,Metro Hub,Travel
4916,Quick Mart,Travel
4917,Elite Hub,Grocery
4918,Quick Fuel,Healthcare
4919,Metro Fuel,Healthcare
4920,Prime Fuel,Entertainment
4921,Urban Fuel,Healthcare
4922,Metro Fuel,Fuel
4923,Elite Fuel,Fashion
4924,Urban Mart,Entertainment
4925,Urban Mart,Healthcare
4926,Metro Fuel,Dining
4927,Urban Fuel,Fashion
4928,Prime Cafe,Dining
4929,Elite Fuel,Fashion
4930,Urban Fuel,Dining
4931,Prime Mart,Dining
4932,Elite Fuel,Grocery
4933,Quick Store,Fashion
4934,Metro Fuel,Fashion
4935,Prime Fuel,Electronics
4936,Urban Hub,Fuel
4937,Urban Store,Travel
4938,Metro Store,E-commerce
4939,Elite Hub,Travel
4940,Prime Hub,E-commerce
4941,Quick Store,Electronics
4942,Quick Store,Grocery
4943,Elite Store,Entertainment
4944,Metro Fuel,Fashion
4945,Elite Hub,Utilities
4946,Quick Store,Fashion
4947,Quick Hub,Electronics
4948,Urban Cafe,Dining
4949,Metro Cafe,Utilities
4950,Urban Fuel,Entertainment
4951,Urban Hub,Utilities
4952,Quick Cafe,Dining
4953,Metro Mart,E-commerce
4954,Quick Store,Healthcare
4955,Metro Hub,E-commerce
4956,Urban Fuel,Fuel
4957,Elite Fuel,Grocery
4958,Metro Hub,Electronics
4959,Elite Store,Dining
4960,Elite Store,Fuel
4961,Prime Hub,Electronics
4962,Prime Store,E-commerce
4963,Elite Cafe,Travel
4964,Elite Fuel,Dining
4965,Urban Store,Entertainment
4966,Elite Fuel,Grocery
4967,Urban Fuel,Fashion
4968,Quick Hub,Utilities
4969,Metro Hub,Grocery
4970,Quick Cafe,Travel
4971,Metro Store,Healthcare
4972,Elite Mart,Electronics
4973,Urban Mart,Entertainment
4974,Elite Cafe,Utilities
4975,Elite Fuel,Fashion
4976,Prime Fuel,Grocery
4977,Elite Store,Utilities
4978,Quick Store,Dining
4979,Metro Store,Utilities
4980,Elite Cafe,Dining
4981,Quick Store,Utilities
4982,Urban Mart,Utilities
4983,Metro Fuel,E-commerce
4984,Metro Mart,Fuel
4985,Metro Store,Fashion
4986,Elite Store,Fashion
4987,Metro Cafe,E-commerce
4988,Quick Mart,Utilities
4989,Elite Cafe,Fashion
4990,Quick Mart,Fashion
4991,Elite Cafe,Entertainment
4992,Quick Fuel,Electronics
4993,Urban Hub,Fashion
4994,Elite Mart,Dining
4995,Prime Fuel,Healthcare
4996,Quick Fuel,Entertainment
4997,Quick Cafe,E-commerce
4998,Quick Cafe,Travel
4999,Urban Fuel,Electronics
5000,Urban Cafe,E-commerce
